,order_id,customer_id,order_status,order_purchase_timestamp,order_approved_at,order_delivered_carrier_date,order_delivered_customer_date,order_estimated_delivery_date,a√±o_mes
397,1b9ecfe83cdc259250e1a8aca174f0ad,6d6b50b66d79f80827b6d96751528d30,canceled,2018-08-04 14:29:27,2018-08-07 04:10:26,,,2018-08-14 00:00:00,2018-08
613,714fb133a6730ab81fa1d3c1b2007291,e3fe72696c4713d64d3c10afe71e75ed,canceled,2018-01-26 21:34:08,2018-01-26 21:58:39,2018-01-29 22:33:25,,2018-02-22 00:00:00,2018-01
1058,3a129877493c8189c59c60eb71d97c29,0913cdce793684e52bbfac69d87e91fd,canceled,2018-01-25 13:34:24,2018-01-25 13:50:20,2018-01-26 21:42:18,,2018-02-23 00:00:00,2018-01
1130,00b1cb0320190ca0daa2c88b35206009,3532ba38a3fd242259a514ac2b6ae6b6,canceled,2018-08-28 15:26:39,,,,2018-09-12 00:00:00,2018-08
1801,ed3efbd3a87bea76c2812c66a0b32219,191984a8ba4cbb2145acb4fe35b69664,canceled,2018-09-20 13:54:16,,,,2018-10-17 00:00:00,2018-09
1811,0966b61e30c4a07edbd7523f59b3f3e4,2fcc597b8934d99715dbfff7909dd27f,canceled,2018-05-22 18:50:55,2018-05-22 19:17:15,,,2018-07-03 00:00:00,2018-05
1819,9021cf1919f615a121410790dcce848f,7acf55df0298e1d2c31200fb4f6fb93b,canceled,2018-07-04 16:05:56,2018-07-06 02:55:16,,,2018-08-22 00:00:00,2018-07
1868,df8282afe61008dc26c6c31011474d02,aa797b187b5466bc6925aaaa4bb3bed1,canceled,2017-03-04 12:14:30,,,,2017-04-10 00:00:00,2017-03
1971,a39d3db795a5cf4c8b6c9dd050f0d326,ec66df2cb66dfda07c03050470e21f69,canceled,2017-03-13 16:12:24,2017-03-13 16:12:24,,,2017-03-30 00:00:00,2017-03
2029,8d4c637f1accf7a88a4555f02741e606,b1dd715db389a2077f43174e7a675d07,canceled,2018-08-29 16:27:49,,,,2018-09-13 00:00:00,2018-08
2161,7a9d4c7f9b068337875b95465330f2fc,7f71ae48074c0cfec9195f88fcbfac55,canceled,2017-05-01 16:12:39,,,,2017-05-30 00:00:00,2017-05
2197,375f80ffc05feb35ce2680f1fa490575,8f6e5911262a8742393596bee2c09eac,canceled,2017-06-13 21:10:05,2017-06-13 21:22:35,,,2017-07-06 00:00:00,2017-06
2278,6bfa92d3952f762df12752e4937cd63e,6ccb997c97b0734228b454ba220ed00e,canceled,2018-04-27 21:28:24,2018-04-27 21:52:18,,,2018-05-10 00:00:00,2018-04
2697,2eb5ba20812f78127f6243fa27fb40e5,d5420a7dc4c5c1f95b7912368419f59f,canceled,2017-05-29 18:10:06,2017-05-31 07:02:46,,,2017-06-20 00:00:00,2017-05
2921,1950d777989f6a877539f53795b4c3c3,1bccb206de9f0f25adc6871a1bcf77b2,canceled,2018-02-19 19:48:52,2018-02-19 20:56:05,2018-02-20 19:57:13,2018-03-21 22:03:51,2018-03-09 00:00:00,2018-02
3056,ddaec6fff982b13e7e048b627a11d6da,68f4ad79cc0c2ad06e19088f5c00e9fa,canceled,2016-10-04 19:41:32,,,,2016-11-16 00:00:00,2016-10
3094,5290c34bd38a8a095b885f13958db1e1,92af427e290117f39d9ff908566072e0,canceled,2018-08-21 10:25:18,,,,2018-09-06 00:00:00,2018-08
3352,6261f3240a8778c656bd28aeb2ba9985,59c0ac147fb499a0f14577f508a3657d,canceled,2017-05-31 13:21:35,2017-06-01 13:35:20,,,2017-07-04 00:00:00,2017-05
3397,5ad5a1ef522da1732ab963ea1fb6165b,a76e74100709762a48e683a177dc86b0,canceled,2017-06-22 19:53:09,2017-06-22 20:05:23,,,2017-07-05 00:00:00,2017-06
3684,03310aa823a66056268a3bab36e827fb,25dbbf0c477fd4ae0880aaffbb12e8b3,canceled,2018-08-07 16:33:59,,,,2018-09-04 00:00:00,2018-08
4312,96ae30a2357a999e6010b2f1401af374,44ea012b92b665f5f4c775f3f0a63d7b,canceled,2017-07-31 16:37:31,2017-07-31 16:50:17,,,2017-08-18 00:00:00,2017-07
4345,73c182f8914a0064d6c64ad65e4c6942,f51c6d9e24e077d5755ac7abdb209b1e,canceled,2017-02-08 00:53:19,2017-02-08 01:05:12,,,2017-03-15 00:00:00,2017-02
4373,4c8b9947280829d0a8b7e81cc249b875,403c35c4d8813bf67b3d396b91ca1619,canceled,2018-08-09 14:54:47,,,,2018-08-21 00:00:00,2018-08
4396,e5fa5a7210941f7d56d0208e4e071d35,683c54fc24d40ee9f8a6fc179fd9856c,canceled,2016-09-05 00:15:34,2016-10-07 13:17:15,,,2016-10-28 00:00:00,2016-09
4939,b13ea375fe9c728832688264638f84cf,0dc5884bc5ffba283678229f27e07ff9,canceled,2018-08-22 18:52:29,,,,2018-09-19 00:00:00,2018-08
5127,8a9cce19aa49e055f2babb81d5a71c40,f2676ef361959c938b35ecd32321adce,canceled,2018-02-01 10:04:20,2018-02-03 02:52:42,2018-02-05 20:41:28,,2018-02-23 00:00:00,2018-02
5149,ea844c92cf978ea23321fa7fe5871761,6ddc45ad08e6a2c885ca2255fc52d6df,canceled,2018-09-13 09:56:12,,,,2018-09-27 00:00:00,2018-09
5432,85e05c3c9aa9834518f35d4f286014be,1d07a80a15700b40cb15ff5870ee8b48,canceled,2018-08-28 08:18:22,,,,2018-10-10 00:00:00,2018-08
5449,c1049eef89915c6beb3604bf3d6588d7,ed16865bcadcea1a00a928bf418a74bf,canceled,2018-02-05 23:08:11,2018-02-05 23:29:26,2018-02-09 22:13:01,,2018-03-07 00:00:00,2018-02
5457,168823ad1b77477540db78ab357f18b5,d0b3bccd5ab7d4920b0a8318ce9d997b,canceled,2018-07-17 11:16:54,2018-07-17 11:30:31,,,2018-08-17 00:00:00,2018-07
5509,885935156ba43094f3ae95f3c14e0381,3885c59916b2b261205c303fe0a10abf,canceled,2018-02-02 16:06:44,2018-02-06 04:32:39,2018-02-07 20:48:31,,2018-03-08 00:00:00,2018-02
5518,38a86eb53c2309d6234fc9bad96331ac,82d98198f7fb1687858e03a5322e1621,canceled,2018-08-18 12:39:31,,,,2018-08-29 00:00:00,2018-08
5523,c504f1f5fd54cc8398d57dc0da49de01,f5294fd3bc349e076861698912675c2e,canceled,2017-07-09 09:18:56,2017-07-09 09:30:10,,,2017-08-10 00:00:00,2017-07
5642,c5a468ae781ffb0ec6d36ae89fe512b0,ed7ef682569428c1afaf73b39a2f602b,canceled,2017-01-13 11:06:56,,,,2017-02-13 00:00:00,2017-01
5754,d1b4fc9a8c1207433519a8ec52e2d03f,f9a6bf8bc89af704ecd48975eff11800,canceled,2018-05-08 10:05:26,2018-05-08 10:31:28,,,2018-05-16 00:00:00,2018-05
6129,bcdad86f44c780bf1aaf24b66dd97753,f3f955ae1cc137ab2ec810ee255b2662,canceled,2018-08-05 03:49:18,2018-08-05 04:04:24,,,2018-08-20 00:00:00,2018-08
6356,2bb02fdf5637a68cd5d13c78c37c3376,8c468917b274857623298a1627369866,canceled,2018-08-09 10:55:10,,,,2018-08-17 00:00:00,2018-08
6647,5b4858f2dcf69731f2285a38829bfa7c,c8223f76047e09bea798462f2f46ffa9,canceled,2018-02-15 20:53:17,2018-02-15 21:06:43,2018-02-16 16:52:52,,2018-03-16 00:00:00,2018-02
6691,5b0ee19a3125fc083348baa76d816ed0,97e5ea711c00ba54392bf866a7d5f1e0,canceled,2018-03-05 13:56:34,2018-03-05 14:40:27,,,2018-03-15 00:00:00,2018-03
6730,12e1495369c542f003eb3ca480f924e3,6dd345003a66b6fb3f18301af8c6cd0c,canceled,2017-09-12 19:17:03,2017-09-12 19:30:24,,,2017-09-25 00:00:00,2017-09
6845,03a8aa5d0860898d421c46247011c686,36be0c3653ce387a9c5918cfdae9b053,canceled,2017-05-31 19:02:28,2017-05-31 19:15:20,,,2017-06-21 00:00:00,2017-05
7244,5226f1a731e8a1215da5e1bea64e2130,3489fb03bfa99335c385df8b863a701b,canceled,2016-10-10 09:51:13,2016-10-18 15:19:11,,,2016-11-18 00:00:00,2016-10
7457,9380c59012c11f49c549ef8dffef1367,07838708499d3eb9da748cb10b8ddf0a,canceled,2018-08-15 11:05:44,,,,2018-09-21 00:00:00,2018-08
7955,bef875448d5a4f703555d2dd5f8382b5,4a6f6cd7b3fa8d3f9a370adfdad0fa97,canceled,2018-01-23 09:48:56,2018-01-23 10:20:10,2018-01-24 21:04:56,,2018-02-22 00:00:00,2018-01
8207,013e9c654a339d80b53513da3c1ea437,9391729f79cd9e5fd7ca884ca030f579,canceled,2017-06-18 13:48:48,2017-06-18 13:55:18,,,2017-07-07 00:00:00,2017-06
8289,672ab3776d5b25e586521469609ae774,8c8b3a28c07f67148f86f297604b9875,canceled,2017-05-10 11:52:51,,,,2017-05-26 00:00:00,2017-05
8309,676e40056867189a1b3599f3e646f421,1f9d7eb9953ad379f11be30ae9dda416,canceled,2017-04-07 21:12:31,2017-04-07 21:25:08,,,2017-05-03 00:00:00,2017-04
8341,61792c6272346d7f4b7c5b1747df7b1a,6d6221343635319264386c8f977b01de,canceled,2017-03-08 11:51:41,2017-03-08 12:33:15,,,2017-04-10 00:00:00,2017-03
8436,94bde44a48f191d7175f67eb93b9ed67,7e8eda96b7924f789c4b65855af3e187,canceled,2017-02-01 17:31:17,2017-02-09 14:43:11,,,2017-03-16 00:00:00,2017-02
8542,7142b298b22a79a285d2ce792dc533a2,d2fac3a405031b2adb1739b20cae646a,canceled,2017-02-10 00:58:01,2017-02-10 01:05:27,,,2017-03-13 00:00:00,2017-02
8722,5687ad45d33870c742b2cdacaf758353,c68c27e929bf3a5f6d15d6101a7bd890,canceled,2018-05-21 22:53:49,2018-05-22 02:15:44,,,2018-05-29 00:00:00,2018-05
8791,dabf2b0e35b423f94618bf965fcb7514,5cdec0bb8cbdf53ffc8fdc212cd247c6,canceled,2016-10-09 00:56:52,2016-10-09 13:36:58,2016-10-13 13:36:59,2016-10-16 14:36:59,2016-11-30 00:00:00,2016-10
9345,36f66ebfbd144aa6fb39338bd87b0bf9,31d62517aee3298dee0ace2f38dc8bb4,canceled,2018-02-26 00:11:02,2018-02-27 04:31:24,,,2018-06-13 00:00:00,2018-02
9680,7106ae47c0242d76f336f5430d3ae0fc,6f37e3eb32985e5f552592b7e7173a33,canceled,2017-12-13 12:55:38,2017-12-13 13:11:58,,,2018-01-02 00:00:00,2017-12
9824,374bd3371c572eff1218edb0eb68cb96,17df09c17e859d9c328292bf6444ba9c,canceled,2018-02-14 03:35:04,2018-02-14 03:50:30,,,2018-03-14 00:00:00,2018-02
9900,709e43f97cb2a47fa749503419163710,3428aeaf91a64e697144aee8178f8cb9,canceled,2017-04-26 21:43:55,2017-04-27 16:22:52,,,2017-06-05 00:00:00,2017-04
9956,b54861ba91f988d9f961bdcd1a9a2026,efe9fcb063deef55ade34b4d7b6df704,canceled,2018-05-14 19:05:40,2018-05-14 19:18:12,,,2018-06-08 00:00:00,2018-05
9976,87ae60ef8b08ae0e5f903cacb53a6904,fea4d57ed3a45455f89c25ef3dae8ee8,canceled,2018-09-11 16:45:54,,,,2018-09-26 00:00:00,2018-09
10022,27f3ee911b46e671b6393093afebc222,c1f69ef3484dda2abe3bbe712c027f68,canceled,2017-04-23 12:01:53,2017-04-23 12:10:32,,,2017-05-15 00:00:00,2017-04
10071,809a282bbd5dbcabb6f2f724fca862ec,622e13439d6b5a0b486c435618b2679e,canceled,2016-09-13 15:24:19,2016-10-07 13:16:46,,,2016-09-30 00:00:00,2016-09
10183,651a89e11653d8df43a624a903fe0f5e,e536e3de6a1ac1c527acb004f4120d81,canceled,2017-06-06 20:31:46,,,,2017-06-29 00:00:00,2017-06
10456,947e9c6bfd83a06953c420ef92d3da6e,2737211835d5ea370af15ee145f7840c,canceled,2018-08-15 15:13:32,,,,2018-08-28 00:00:00,2018-08
10489,fa4c59a94711decb9c0410a0e7f878bc,47a175c6a4a97dcd0b9fa05c862fe6c6,canceled,2018-07-31 21:45:27,2018-07-31 22:04:19,,,2018-08-08 00:00:00,2018-07
10523,891e419a9019fb81b67212a708cb5f83,c5ebaeed3b49cd93b3c294547784f484,canceled,2017-07-07 12:15:50,2017-07-07 12:25:20,,,2017-08-03 00:00:00,2017-07
10732,3e170726582244699b156f1c7044223a,6269066e0832481ece633f6d7d408a84,canceled,2017-11-06 15:47:20,2017-11-07 07:30:29,,,2017-11-28 00:00:00,2017-11
10863,18987e54897a1baddde716aa4a01639c,c9abd721cd3e14892fc6c4144ab2744a,canceled,2017-03-14 09:27:08,2017-03-14 09:27:08,,,2017-04-10 00:00:00,2017-03
11079,0e6dbbc7484dc1ee0392c9ca801035c2,90f65e1539426f18ab1941841d728c72,canceled,2018-03-01 22:40:51,,,,2018-03-23 00:00:00,2018-03
11628,b89c3dccabd368d8a4b6778c1094df6b,1287bb4d651bd96d3b090a92997ae7ea,canceled,2017-03-20 14:44:16,2017-03-20 14:44:16,,,2017-04-12 00:00:00,2017-03
11874,acfa87544c19d596707d25cf2f7dab61,d5feeb223000c4c6dfdb7219b681e1d4,canceled,2018-08-17 00:55:54,2018-08-18 00:50:11,,,2018-08-22 00:00:00,2018-08
12266,dc0c4c970ae6b97b389d2e44a500f931,c78ae6d35d08ea9b9fbbd180c70b0ba5,canceled,2018-05-05 15:04:54,2018-05-05 15:15:16,,,2018-05-17 00:00:00,2018-05
12293,ab2e482aff4baa52ec6da817af85b981,3fec546fda08f460b090f82fb63bda6c,canceled,2018-06-26 11:43:42,2018-06-26 11:57:05,,,2018-07-19 00:00:00,2018-06
12355,b3f1a526de73a85b4e83ac77cd483a05,c70b3ad842d741da256c02ef08a7159d,canceled,2018-07-02 22:04:07,2018-07-02 22:15:19,,,2018-08-20 00:00:00,2018-07
12370,c87de2d1aece481642a24bae4b964b07,e91409937a0fd26a57310548858d1762,canceled,2017-04-24 09:51:21,2017-04-25 08:03:06,,,2017-05-15 00:00:00,2017-04
13103,186d3cd768be1890d832106f914ba37c,07b0857255ede98368d11c60ae263bfa,canceled,2017-06-09 10:16:21,,,,2017-07-05 00:00:00,2017-06
13354,d93ef0caa7a160caec60b4d6833415a6,6fa5afc4dfe6e55bf4117e62425122ed,canceled,2018-06-25 16:20:24,2018-06-25 16:38:27,,,2018-07-23 00:00:00,2018-06
13536,46010c67bec146f0c9db27f42149c5d2,6929b4205121245fcddb29a451082a69,canceled,2017-05-30 11:43:14,2017-05-30 13:08:11,,,2017-06-26 00:00:00,2017-05
13540,3388fa275fc1b344e275af704e8d3156,6da78d4e5ce1e5cefc6974eeb54563f8,canceled,2017-12-11 09:25:26,2017-12-11 09:33:21,,,2017-12-28 00:00:00,2017-12
13595,d1f4276166cee5a37d01beb15e2426fc,4eadcffca4cbd545ee337b830acd0b6d,canceled,2018-02-26 06:37:45,2018-02-27 04:30:59,,,2018-03-12 00:00:00,2018-02
13763,230cb5ffb43a10662e4b64e7d02cd171,5f2f8ba9528293da66c5f14a559cdaa6,canceled,2018-07-31 14:24:39,2018-07-31 15:04:25,,,2018-08-08 00:00:00,2018-07
13938,735ad119a24ea4a9d6fbfcd9f296920a,424ca0007f462e65164136500127e8f3,canceled,2017-07-24 11:38:43,2017-07-24 11:50:18,,,2017-08-07 00:00:00,2017-07
14042,efc7c29e1816bb3d30c1e8c207bf87ca,7d455392cb88ae54b111bc3a6c90c721,canceled,2017-06-23 01:15:59,2017-06-23 01:30:08,,,2017-07-17 00:00:00,2017-06
14055,d2feb2f430d7d97b41873672953fe944,e771c277cf012c1eb07d5986a5409137,canceled,2017-08-16 16:15:31,2017-08-18 02:16:03,,,2017-08-29 00:00:00,2017-08
14121,749309f96df588c96621963117e9530f,7cbca7bfacc12d22b0c5ec54733013d0,canceled,2018-08-14 17:57:15,2018-08-14 18:25:19,,,2018-08-17 00:00:00,2018-08
14460,2e9d8db9e132a9b5e1236618b7e8ef4a,51c6f517f4492a9c2ab4153e998b018e,canceled,2018-08-09 18:42:38,,,,2018-09-04 00:00:00,2018-08
14560,5d790fe3637a350e66c1f7f6d91f4c4e,af2ae43836ce7dc21710105ceddd1644,canceled,2017-07-03 09:43:13,2017-07-03 09:55:19,,,2017-07-21 00:00:00,2017-07
14586,5d9e1e0e7084f2f9e90a7069e64cba61,5a0e3721a8ca7e273f07af1ead76605e,canceled,2017-11-05 13:58:19,,,,2017-11-17 00:00:00,2017-11
14681,2cfc79d9582e9135c0a9b61fa60e6b21,f530197ea86ced9488a03d055e118ebf,canceled,2018-02-19 17:11:34,2018-02-19 17:20:52,2018-02-20 18:58:43,,2018-03-15 00:00:00,2018-02
14686,ad15ae08ead6006cdba6fb5f19b055c8,1b337e561848c1abff24332c0eae028d,canceled,2017-10-14 10:36:31,2017-10-15 10:49:16,,,2017-11-10 00:00:00,2017-10
14766,ba0f1e99132c6f69e4622597e9853599,4624a495981365fa48c8ac2ce5fc3b3d,canceled,2018-01-24 14:16:15,2018-01-24 15:15:57,2018-01-26 18:32:47,,2018-02-21 00:00:00,2018-01
14792,5abf37ab57e23f69a9c8ab98c4800273,19a045432879d6ddb4fd5611a0e2ba5b,canceled,2018-01-28 00:25:15,2018-01-28 00:36:35,2018-02-01 20:07:57,,2018-02-20 00:00:00,2018-01
14875,2701d162dabcb83a27f19ae30e8fea47,25bb25c747ecbfb534372b672a0e859b,canceled,2017-03-12 21:28:55,2017-03-12 21:28:55,,,2017-04-18 00:00:00,2017-03
14994,263f5778d1130e9c186958780172a107,7324ecb0ff143f561193d22bea7d63fb,canceled,2017-10-12 08:39:30,2017-10-12 09:06:26,,,2017-11-06 00:00:00,2017-10
15203,66b7aa4a53c5c138ffe0aa7ac74dbea1,defdee1ccbcae0df479d0152602383a4,canceled,2017-10-26 21:33:43,2017-10-26 21:46:43,,,2017-11-14 00:00:00,2017-10
15234,4b90912a086907b087947c385e8d13b1,aa9ca3127430c2e14db047a199e3d591,canceled,2018-08-01 16:39:52,2018-08-03 02:45:36,,,2018-08-06 00:00:00,2018-08
15236,697705c05da5ef945de721dd31bf23c6,635104f101d5c2725e94b44eeb8b0327,canceled,2017-02-03 11:31:48,2017-02-03 11:45:09,,,2017-03-28 00:00:00,2017-02
15332,0605918e96aec0f42a10810d92b5e864,f97b261874e04437f1bf4586dbfa1f03,canceled,2017-02-22 10:45:45,2017-02-22 10:55:19,,,2017-03-23 00:00:00,2017-02
15526,8caf289ab5d7e3ec7b4522aa22dabbec,dca1d784fd6b8dd1f223bb76482fa053,canceled,2018-02-14 10:37:17,2018-02-14 10:50:27,2018-02-17 00:04:14,,2018-03-07 00:00:00,2018-02
15604,04b3135bf087618b410a00680576242f,cd49b1a9bdfab0fa34b0ab96a9696d98,canceled,2018-07-29 19:58:34,2018-07-29 20:10:14,,,2018-08-13 00:00:00,2018-07
15676,2c8740f9df6d253c15dc035eba80ebed,5a073c41c1e7729b4538e4018a6cd170,canceled,2017-04-12 11:23:01,2017-04-12 11:30:25,,,2017-05-11 00:00:00,2017-04
15882,252788350f9dad30b31847845fe119fe,43c2e0c2bffdba58e569a9cf02d9b508,canceled,2017-04-23 14:58:37,,,,2017-05-23 00:00:00,2017-04
16366,bd35b677fd239386e9861d11ae98ab56,ad2eb5d02c0808bcd8743117f6383cf6,canceled,2018-09-17 17:21:16,,,,2018-10-01 00:00:00,2018-09
16449,b642a3e08bfd10119c9b7e948c936e93,f623e071624706724ec88fbb991b6833,canceled,2017-02-03 01:03:44,,,,2017-03-06 00:00:00,2017-02
16536,00d0ffd14774da775ac832ba8520510f,a2f3de2a0a84803cef018776a2e76c9b,canceled,2017-12-23 22:25:00,,,,2018-01-19 00:00:00,2017-12
16860,3f191c1edeb80678998ec0c8683cefcc,8840e68ca97a89b084ca61284b559d41,canceled,2018-02-20 20:34:23,2018-02-20 20:50:22,,,2018-03-21 00:00:00,2018-02
16947,93274b931b5771bd02154c9b716168ba,0d6ea3b6f1bf6ef08e6b60ce23db077b,canceled,2018-05-08 10:13:06,2018-05-08 10:31:32,,,2018-05-25 00:00:00,2018-05
17046,63802c52ced9ff923c962ecbf4b3a2a2,8424f98d9254ad85c24141f3cd2fe8c5,canceled,2017-12-03 11:32:32,,,,2017-12-26 00:00:00,2017-12
17128,943625151a5d8d00da80e96a90930e03,2953e41dea84f8fe69dc569138b6002f,canceled,2018-02-17 09:59:29,2018-02-17 10:10:26,2018-02-20 16:48:58,,2018-03-06 00:00:00,2018-02
17289,2ad4df0af7a71d632dccc0129bee3268,915ce1e45a3b10fb61f5d32924bdb7f6,canceled,2018-07-30 12:04:19,2018-07-30 18:31:05,,,2018-08-02 00:00:00,2018-07
17520,4e27ad7f1a6821ceddc8442eb1875014,bd41e15fdb17d74a176f31ffdf8987df,canceled,2018-04-16 20:22:37,2018-04-16 20:35:26,,,2018-05-10 00:00:00,2018-04
17850,7aa23447e2b8d82e2355605aeac705b4,8a32dae8c7971078dd401865dba395fc,canceled,2017-11-23 20:24:34,2017-11-23 20:31:30,,,2017-12-07 00:00:00,2017-11
17983,0a472c47d928bf4cd8b6a7a30345eeb7,8762d94c493b70216cd453ea2320234e,canceled,2018-08-30 10:14:00,,,,2018-10-02 00:00:00,2018-08
18163,c0341f028a07cb3196e3bf4e850066bb,b3cdb244706fcba3d2bcd907b082ce1b,canceled,2017-03-23 17:21:23,2017-03-23 18:23:19,,,2017-04-11 00:00:00,2017-03
18432,82b564e3b8efa4e060e5c950cb6fa9ad,d55b731b551b51dd0519d5649deab266,canceled,2018-07-15 10:32:58,2018-07-15 10:45:15,,,2018-08-10 00:00:00,2018-07
18638,ccd4eb95e68cb64e666ddcb84f8dfb1e,daac514ffdd2cc0cda0e9686c63a9cad,canceled,2018-03-05 22:57:35,,,,2018-03-21 00:00:00,2018-03
18872,f71952473c83952e23fb55146d59bfe2,ceb81075157a116d7001ec98fdbac21c,canceled,2018-03-10 16:44:52,2018-03-10 18:40:37,,,2018-03-22 00:00:00,2018-03
18913,37e5806494067b6dcc269c80c272eab2,e673336c4f14e065f1f05d154ae50993,canceled,2018-03-08 16:11:34,2018-03-08 16:56:03,,,2018-03-22 00:00:00,2018-03
18962,8abd0f2c3a61336c2ee97b2785175332,b26210baf58f3919747468874d88c53f,canceled,2018-04-19 13:18:07,2018-04-19 14:31:24,,,2018-05-08 00:00:00,2018-04
18984,7e30f6ae5435d7c05b487f7b5e1d61ba,c2ca5f569938a5f8a79e1f80f3800e3f,canceled,2018-02-28 13:16:08,2018-02-28 13:35:20,2018-03-02 02:43:53,,2018-03-13 00:00:00,2018-02
19035,5754d3172f19f363edbaf03691b9f989,d56b30f9f6b0167e61eb297deabfad78,canceled,2018-02-09 11:23:59,2018-02-09 11:35:31,,,2018-03-07 00:00:00,2018-02
19308,e928f5fbefb30f228db4678d9222b231,950863681cb2112651ef0782da4e689d,canceled,2017-05-12 18:09:07,2017-05-12 18:15:18,,,2017-06-16 00:00:00,2017-05
19360,b7d469b7eb3c07c6d4b96d505c811fea,5b9d5dfe6b754261741fb68772efed93,canceled,2018-02-03 22:14:25,2018-02-06 04:32:36,2018-02-06 20:46:55,,2018-02-21 00:00:00,2018-02
19416,f823e090c5fffc41f7a863aa7c66e34a,3726bec3de946155c502820226221f4d,canceled,2017-12-04 17:00:18,2017-12-06 02:50:26,,,2017-12-20 00:00:00,2017-12
19506,815c1f60c4896764d6d70b7fea63863b,43cbc1dac30f38ac86c23356358597a7,canceled,2017-11-21 13:55:08,2017-11-21 15:50:58,,,2017-12-01 00:00:00,2017-11
19919,ce0a53468ddde09e79f73edba370ceec,be661c8beed58e228518d223a539700e,canceled,2018-02-08 16:39:22,2018-02-08 17:29:35,,,2018-03-08 00:00:00,2018-02
20050,2bc76dc101f9fa63d195e341cd11a649,0c3f7c99a73c83fdf43aa51186a7b012,canceled,2018-02-22 17:09:58,2018-02-22 17:28:45,,,2018-03-12 00:00:00,2018-02
20251,a0f2f8b0523207a13f02225bc812ed23,616b91d43810a9097e1ab529e809b950,canceled,2018-07-31 10:48:42,2018-07-31 11:30:32,,,2018-08-03 00:00:00,2018-07
20267,5f787bb3e0a01a4f347192157c036791,61954273c451808b32e15fb11dbf9116,canceled,2017-03-13 06:03:37,2017-03-13 06:03:37,,,2017-04-03 00:00:00,2017-03
20311,f7b13a5afd48ca5bcf589a25d5377b00,d791834a0555c0062e98d735083f4373,canceled,2018-07-12 12:14:56,2018-07-12 12:30:12,,,2018-07-30 00:00:00,2018-07
20522,1469262ec8414d0e3f821bda79cf14cc,b53f2d80af3f43f230402209960c81e6,canceled,2018-07-16 11:27:29,2018-07-18 03:31:06,,,2018-08-07 00:00:00,2018-07
20551,6683aa4f73f7869ec65ebeeef53f700b,44d53248bdd39a477bcf6278e73a2844,canceled,2017-04-26 22:38:50,2017-04-27 01:15:17,,,2017-05-29 00:00:00,2017-04
20611,9aeaadde646cd9e4c51638f24ecf63cb,b9f1e74e29e518dde4d453acdcd1c7e6,canceled,2018-02-09 16:25:56,2018-02-09 17:00:25,,,2018-02-23 00:00:00,2018-02
20702,60f0f4f310904e1d0c7d41224fcb45d6,75c822ccf568d44bb0a6066731ef9baf,canceled,2017-08-02 17:56:11,2017-08-02 18:10:16,,,2017-08-30 00:00:00,2017-08
20778,4d59cc2a2e7bb6c0a851725f5888a9b5,ead83a4f8f7be8c3034b2e98754a6147,canceled,2018-09-06 14:50:07,,,,2018-09-21 00:00:00,2018-09
20889,98e38b5d59b358aaf4d5a08ca9814883,6060d9a57cf9e44fa54a5034481e458d,canceled,2017-02-07 15:25:41,2017-02-07 16:30:10,,,2017-03-06 00:00:00,2017-02
21110,7582b8c10039cceafcfe7b13e41a91e2,57bb0f2ff265139687180b2fb387e198,canceled,2018-02-07 14:27:34,2018-02-07 14:35:40,2018-02-10 14:08:59,,2018-03-08 00:00:00,2018-02
21321,936a199847ccb47438d3ae454d5e18d1,8c587eca721e5478cc6bd17ac3e8cb4c,canceled,2018-02-02 17:42:31,2018-02-02 17:52:12,2018-02-05 13:19:36,,2018-03-09 00:00:00,2018-02
21505,d688c0804e20281bdd7c7c864fe300fb,033f5ddbb536a477e81abd786f23f452,canceled,2018-05-22 20:31:58,2018-05-22 20:56:48,,,2018-06-06 00:00:00,2018-05
21716,8f367420ab5fc7305b7383f29ef4ed4e,56be20830570df2c36d2935be6f1e417,canceled,2018-01-30 22:32:13,2018-01-31 20:30:52,2018-02-01 22:47:53,,2018-02-23 00:00:00,2018-01
21752,847e04c1fabd29748790e74c1430c603,456689adc192943c460cdefd37b4ccfb,canceled,2018-08-06 20:05:00,2018-08-06 20:25:19,,,2018-08-13 00:00:00,2018-08
21901,cdcdab9c657011a188471120c6c6accf,b12cee13b76df10c9c9aba2e9605e300,canceled,2017-09-13 20:38:00,2017-09-13 20:50:12,,,2017-10-11 00:00:00,2017-09
22198,8a02df0db15a7e4f1ba462a2b939a532,30284eafcda5344374c7853fb73e07a5,canceled,2017-10-22 14:00:34,2017-10-22 14:14:21,,,2017-11-09 00:00:00,2017-10
22231,81b7c7bbc8ec003eeb67d87441a6a148,75c6e03e7206bd1dd59f427c9f75142a,canceled,2018-08-20 09:03:23,,,,2018-09-03 00:00:00,2018-08
22320,f489dacdbad0317b1ac5e2c190b3ed26,aa41ab7e6243152d3c21ec01446ee1df,canceled,2017-11-13 11:41:46,2017-11-13 11:50:41,,,2017-12-06 00:00:00,2017-11
22578,3656e5952194117e323c383e559941a3,881c33e67e834bcd0e7229a37c674c13,canceled,2017-09-15 09:29:20,2017-09-19 03:37:51,,,2017-10-05 00:00:00,2017-09
22965,24c30ddeb5a4b85a61bbb58b9e3d66c9,b73c72519bfcc61f91836d7a67ef40d5,canceled,2018-08-07 16:57:23,2018-08-09 03:35:18,,,2018-08-20 00:00:00,2018-08
22992,2aaab7e991347226dbda1f61c6785f88,55c72a24117236fa6e1e89bb2b4a02e0,canceled,2018-07-25 13:57:52,2018-07-25 15:10:12,,,2018-08-10 00:00:00,2018-07
23230,5c5bada3b8df98250966f5a7a584657d,8b6d84f739545aebe27a78474fe9ab9d,canceled,2017-11-06 18:16:33,2017-11-07 03:31:09,,,2017-11-28 00:00:00,2017-11
23526,15ec3d48383c58c0dc96cd66f8884630,fc768a2275c44d9383cc6926adac469d,canceled,2018-08-23 15:17:19,,,,2018-09-20 00:00:00,2018-08
23654,f3c5d914eec90079a826c2b5ea7fe6bc,078c6672babf4cf39a551e2dcd79229e,canceled,2018-01-26 12:58:01,2018-01-26 13:12:44,2018-01-26 21:45:07,,2018-02-19 00:00:00,2018-01
23679,b85825cdbdab14cc17f2e159f0fba217,acf49250165ea89cee38b3c29d67e838,canceled,2018-07-21 23:27:59,2018-07-21 23:44:08,,,2018-08-09 00:00:00,2018-07
24089,c3514a3dc150acbbf0ab547f1cdc1fe4,2731bf1c00685708217536d50bd1c8c9,canceled,2017-09-16 21:43:02,2017-09-16 21:55:07,,,2017-10-16 00:00:00,2017-09
24097,5e30dcb2e114da32afe2f0942750616a,1d19f123d715d31a525094a81bbea5ef,canceled,2018-04-06 22:13:21,2018-04-06 22:29:11,,,2018-04-25 00:00:00,2018-04
24115,33fe1cb532ac16a48902980e00c26da6,e0669fc658288e9aea6d958ea90fb9b7,canceled,2017-07-25 19:26:15,,,,2017-08-28 00:00:00,2017-07
24136,65fc7195f2f70e60bd81a12c69d7389d,f0e3b37d5ca2fc5c28ba3f66c71a3aaf,canceled,2017-07-25 10:11:21,2017-07-26 20:45:57,,,2017-08-08 00:00:00,2017-07
24410,0d3adebce4bebc1f80a7f36e9833f497,a7c87c25dbdded68c26c640582cb5ddb,canceled,2018-09-03 18:40:50,,,,2018-10-02 00:00:00,2018-09
24555,bfb074fa3d43b5b13e7a67203ebdedf5,a4e90b1807174d6b2013ffab1ada0575,canceled,2017-05-12 10:11:53,2017-05-12 10:25:08,,,2017-06-09 00:00:00,2017-05
24610,4a44e928d587e7cd7068ea354471c477,f04cee5f84e73924695f31301c815ab8,canceled,2018-06-05 13:51:50,2018-06-05 14:31:18,,,2018-06-21 00:00:00,2018-06
24643,00ae7a8b4936674ebb701d4a23719a79,a7e8a3cb55d9c9a536992c6465a46a3f,canceled,2018-05-09 14:14:06,2018-05-09 15:51:32,,,2018-05-17 00:00:00,2018-05
24752,a9957adf297a6be5e8625b3e93329c6d,7e779aeb9722a44ac85680883c9ee20f,canceled,2017-03-06 20:51:57,2017-03-06 21:03:03,,,2017-03-22 00:00:00,2017-03
24830,642a8a89c36a8b2f4884cd8e68168247,64fc1ea0b3ef7d792474f9cce8ddbfb1,canceled,2017-11-06 21:02:18,2017-11-07 04:32:12,,,2017-11-27 00:00:00,2017-11
25068,6c16d886be4fe03174a289a4ca70a775,780b36c3e066c0251df695c5ce83994e,canceled,2018-06-05 15:06:16,2018-06-05 15:31:39,,,2018-06-29 00:00:00,2018-06
25122,2e8a59579f027832343436a97c22499b,4dcdb96c4c889577e5b04124b6ce5cff,canceled,2017-09-08 11:19:09,2017-09-09 04:45:14,,,2017-09-20 00:00:00,2017-09
25514,44b4829b58167b697a69c8aa8eb64733,9a4a3ebb868261c944c5ba16fdaff61b,canceled,2017-03-01 11:26:37,2017-03-02 11:30:21,,,2017-03-20 00:00:00,2017-03
25651,1857e77a4bad8abb2db929f107430663,616833eaef04d25b67207119cd6936dc,canceled,2017-08-31 23:55:57,,,,2017-09-28 00:00:00,2017-08
25686,6954eac303f94f5f51b80deb4ba7be50,4cbc0fdd8d7548de068a1cff9d293da3,canceled,2018-08-03 15:05:58,2018-08-03 15:40:17,,,2018-08-15 00:00:00,2018-08
25865,c8a39e88e6ff246e21f6fc93c50a2e88,4f4ee29810bbc369aeb430d5aed89fab,canceled,2017-05-27 22:45:48,2017-05-27 23:02:27,,,2017-06-12 00:00:00,2017-05
25938,6feadaaee762109cbc3bfaf93254fab9,a5a5a602f049547e4fe6c39a0a2629b6,canceled,2017-07-02 21:36:22,2017-07-04 04:50:25,,,2017-07-19 00:00:00,2017-07
25953,bb8edfe0742a6a0279b7dff848289568,c2a1740e781cc978dbab71735cf3ce84,canceled,2018-08-30 10:24:34,,,,2018-09-18 00:00:00,2018-08
26197,5b3367de06e5c2955a98de36a52fbe1a,efccddae70862d3630a35e4c7fc75a02,canceled,2017-03-07 12:43:03,2017-03-07 13:04:43,,,2017-03-28 00:00:00,2017-03
26231,7c0659561e8e95e839b8a4f9f4b6fab9,a08d823689fb2cf5ac00c9f9dbb7fd36,canceled,2018-05-19 23:33:33,2018-05-20 00:53:10,,,2018-06-04 00:00:00,2018-05
26525,a9c8ac0c26c178f0ad33618f96225a01,727ab4449f530b9af13f40fa8e528bff,canceled,2018-07-22 23:36:14,2018-07-23 12:31:55,,,2018-08-07 00:00:00,2018-07
26618,02e723e8edb4a123d414f56cc9c4665e,6e9f7d9e943f9c0bdea278d9d7a1c9b9,canceled,2017-08-18 14:30:19,,,,2017-09-21 00:00:00,2017-08
26630,1c95864be748aeb7e70002b2d365646f,6e339a46f22ae325fd96275ddde00906,canceled,2017-04-14 16:11:03,2017-04-14 16:21:55,,,2017-05-17 00:00:00,2017-04
26915,e5476d1c0a9bcc909b2f4bc24559bdde,ae933e624bc868f3e68628d1f5ceeebc,canceled,2017-02-13 17:17:36,2017-02-13 17:30:17,,,2017-03-16 00:00:00,2017-02
27030,c94939ec208457c136427d40ea7bb4cf,bdc00c07c6a1107c61ae7e8a75d3071c,canceled,2017-09-06 16:23:33,2017-09-06 16:37:13,,,2017-09-25 00:00:00,2017-09
27167,5f0dfd096a455e93ffb4ee0635b32264,b03efbab821a8ef7b3e6b2a75ec7d74d,canceled,2018-07-29 15:15:39,2018-07-29 15:25:09,,,2018-08-02 00:00:00,2018-07
27289,b5d4eb6b98c48a1d20e7a7663881bdd0,f381ff44c4fc5bd43c38116f3bd715b6,canceled,2017-10-06 21:54:55,2017-10-06 22:07:19,,,2017-10-30 00:00:00,2017-10
27422,7525729ed75b4d65c84bf8499bef7df2,2153cb587e3b6aad494beb2b208e10fc,canceled,2017-02-22 19:36:22,2017-02-22 19:50:20,,,2017-03-30 00:00:00,2017-02
28455,d01c5b46e00bd214519fe9f64bbb2649,c14683c13fb7e9f39e4228f207eb05a8,canceled,2017-03-13 20:30:13,2017-03-13 20:30:13,,,2017-04-03 00:00:00,2017-03
28532,4fafa25ee16300a26f7ef92f3d15b58b,aa5ca8afef8fe0f0ef822a9da12d2cf1,canceled,2018-02-09 17:36:42,2018-02-10 07:08:42,,,2018-03-08 00:00:00,2018-02
28683,2db84a082bda455eb1da10727e7ca621,12f0a2db64cb3b8ffbe0a340acb99050,canceled,2018-02-02 15:29:05,2018-02-02 16:00:26,2018-02-06 14:54:44,,2018-02-20 00:00:00,2018-02
28749,541d81a8afee2348b192cc10df37367c,c7148da8b575be2e41e23cb3e34edf5b,canceled,2018-05-07 17:46:04,2018-05-07 18:34:41,,,2018-05-29 00:00:00,2018-05
28768,670e3b20191d3198a76069c8f9b12355,f76bd438480c183ffb510bad040f3bd9,canceled,2017-02-03 00:55:24,,,,2017-03-09 00:00:00,2017-02
28777,3addeedb2235eeb1e75dd513cd6eeb35,386031dc5202d867cdc6083a353493d1,canceled,2018-03-21 15:41:24,2018-03-23 02:31:02,,,2018-04-09 00:00:00,2018-03
28837,ba2821b49c92e278db491d3e19fa0556,159ca8ee3ba03b17c749a3bc8e099e87,canceled,2017-05-02 17:51:28,,,,2017-05-26 00:00:00,2017-05
28846,9abe82df39e950e1e0c1a5969e22571e,0d0616e01497d605e2bc400cba06de99,canceled,2017-03-21 14:45:36,2017-03-21 14:45:36,,,2017-04-12 00:00:00,2017-03
29123,dafb12075abc3168e9addb5ccf7a02c5,a623062e2e6941fa9cc54558ea3229a6,canceled,2017-07-16 21:59:33,,,,2017-07-28 00:00:00,2017-07
29564,37ce40447807e0d3e58cc474ce549881,72d1b8564e088b8bb0a080d3ff03de1a,canceled,2018-01-27 11:20:50,2018-01-27 11:34:30,,,2018-02-26 00:00:00,2018-01
29738,cd94dbdc801da0cd93b0c8f33663973d,17ba50f54399b61694fbb138a3831d56,canceled,2018-02-21 20:54:45,2018-02-21 21:29:00,2018-02-24 00:21:47,,2018-03-15 00:00:00,2018-02
29915,2663ce3526465b7ee9809428adabdc45,032a544bbe984490f6ff7450e3c8b0bc,canceled,2018-08-30 13:07:46,,,,2018-09-12 00:00:00,2018-08
29947,b8752fc264f1692031237bb715061cc4,217368c0bfd8d50699dfb3f303d4c387,canceled,2018-02-22 16:58:06,2018-02-22 17:15:47,2018-02-23 20:49:02,,2018-03-09 00:00:00,2018-02
30150,92d731517f17c26f16182d45498c4c3d,95c44daefa7bfb91c6bb0665a0cd22fc,canceled,2016-10-05 11:23:13,,,,2016-11-14 00:00:00,2016-10
30250,0166cc8756d58b4a30fb49de83527120,19e9dac43eee8df98092482fdce676da,canceled,2018-02-08 21:09:18,2018-02-08 21:27:56,2018-02-09 23:12:30,,2018-02-22 00:00:00,2018-02
30545,d8f135a040950408cd059c27a623bd97,1304ac93f1f11eea17208a52de500b24,canceled,2018-03-03 11:09:57,2018-03-03 11:20:35,,,2018-03-21 00:00:00,2018-03
30559,8c3a5781b4f217b12c76e4216007e2db,ee446be704f02e18b31a0007ee5c1670,canceled,2018-03-20 15:23:29,2018-03-20 15:35:40,,,2018-04-09 00:00:00,2018-03
30684,d177b7c08ed2934d5888e7fd236d42e1,045d8fcab59f603256eefe86e45f0350,canceled,2017-08-17 13:20:41,,,,2017-09-04 00:00:00,2017-08
31170,21a00b08cbeb5716bbb66105e3dbd850,002b5342c72978cf0aba6aae1f5d5293,canceled,2018-09-10 17:51:25,,,,2018-09-20 00:00:00,2018-09
31193,e23eaa3bc8275c392145e736dbdea275,50bb775cd30a21ae108d4866abb6d9df,canceled,2017-06-18 17:22:09,2017-06-18 17:35:24,,,2017-06-30 00:00:00,2017-06
31333,fa6d0c0ef7a7849ab7847303d458df3c,1ec1771954d299bf9a497cec57932c3d,canceled,2018-02-05 14:32:21,2018-02-05 14:48:31,,,2018-03-14 00:00:00,2018-02
31782,6b460c25c2bb8e1323536e9e921d04a1,95d2bac8c1d115b9c5291fba7b9186aa,canceled,2018-01-29 16:07:41,2018-01-29 16:36:51,2018-01-30 21:12:59,,2018-03-02 00:00:00,2018-01
31891,a2ac6dad85cf8af5b0afb510a240fe8c,4c2ec60c29d10c34bd49cb88aa85cfc4,canceled,2018-10-03 18:55:29,,,,2018-10-16 00:00:00,2018-10
31910,d2bc174d5c413f457a21db6899afb682,0337719c3caba8187a276942d35347fd,canceled,2018-08-09 09:50:42,,,,2018-09-14 00:00:00,2018-08
32382,d05cf40cb923ba228822414cc52067c3,2f8d1f27dbf2a944f1b5bda2de277ccf,canceled,2017-09-23 06:23:19,2017-09-23 07:00:06,,,2017-10-10 00:00:00,2017-09
32691,1a5d21f44c73693b9930d0ca33a9d0b1,a21871375ed19fc3f2d8c62fdc75b9dc,canceled,2018-08-16 17:50:14,,,,2018-09-12 00:00:00,2018-08
32733,4641a7999ca05850ee60509c213dc8ac,a7ff2f7795c7e202a24fc881252112bf,canceled,2017-11-20 12:48:37,,,,2017-12-01 00:00:00,2017-11
33462,32e34fe202c1776f1f6670feb9a28a73,96dfc016637a147605872f99cdca9f4f,canceled,2017-08-05 16:11:14,2017-08-05 16:25:16,,,2017-08-18 00:00:00,2017-08
33650,fd4c3a2912e854eedd463b329540da4b,d2fdd1d3725bccaa0900e360a985398f,canceled,2017-10-28 11:18:48,,,,2017-11-21 00:00:00,2017-10
33972,a20191650d84d1d59f72139a87207a3b,94c1a60de2eed5c304c731a6ec674387,canceled,2018-01-22 17:10:19,2018-01-22 17:19:21,,,2018-03-14 00:00:00,2018-01
33979,5aac76cf7b07dd06fa4d50bf461d2f40,7a8a02e54cf3472df427e927f8b9c046,canceled,2018-09-25 11:59:18,,,,2018-10-11 00:00:00,2018-09
34122,0ea5760bfbfe671160e0599cf68f1981,e016de14d2abd37825c4c485cd780b74,canceled,2018-07-18 09:56:16,,,,2018-08-16 00:00:00,2018-07
34543,896fbd78a9ef3839b34b893f48f6bc67,20153d17ff713721abd8b4c082d5e4d5,canceled,2018-05-12 01:48:33,,,,2018-05-30 00:00:00,2018-05
34603,503e8daafed23dbae78ff210f2d41f0f,b803a36f5b9d8d6f91c23a92d2e5bac2,canceled,2018-08-20 14:16:15,,,,2018-09-04 00:00:00,2018-08
34849,af07804a2d53e8639954baf97fbf803a,61a39d14e096f31b0d84c33bf54ace42,canceled,2018-04-19 13:46:42,2018-04-20 10:22:46,,,2018-05-03 00:00:00,2018-04
35096,697495e65867be26f25a3b5df26fcdac,d688c4f6c5a3cbf5d750cfffc6197da9,canceled,2017-10-21 11:08:42,2017-10-21 11:21:20,,,2017-11-09 00:00:00,2017-10
35143,3af427dfb9464cd660ac27292bb5d30b,296fcaa5fafeccd48433a91f4019d99b,canceled,2018-01-30 13:28:14,2018-01-30 14:21:31,2018-02-01 01:58:41,,2018-03-01 00:00:00,2018-01
35249,90ff3cffbad0c03e76cdb32a788a649e,404625763e1fb3d80a8f2b984a19b1eb,canceled,2017-02-20 11:29:19,2017-02-22 03:22:35,,,2017-03-27 00:00:00,2017-02
35554,4689301ba3cbffea28d57a22a80987c3,bc5bd0ea0abd3f669c9de1dcef666da2,canceled,2017-08-16 20:51:24,2017-08-17 02:45:20,,,2017-09-20 00:00:00,2017-08
35576,4a63bdb264d95eae86109b24b4880aee,e3ecae2c1c7408b84d64573d0f264d78,canceled,2018-03-26 11:59:06,2018-03-26 19:50:10,,,2018-04-06 00:00:00,2018-03
35599,1cd8d1567debd198821fe9d46d99b5b1,ef775ae2f3b831b79dd2e9bcf77bfb06,canceled,2017-09-25 20:16:38,2017-09-25 20:28:20,,,2017-10-20 00:00:00,2017-09
35665,582fd4fa596ee1af88f153a5ba0523f2,deaa19219d8e3afdf04e2685df1bda8a,canceled,2017-11-09 17:38:45,,,,2017-12-05 00:00:00,2017-11
35696,5d9c5817e278892b7498d90bfa28ade8,b583a7efe4522c8ce8942bd47f33d487,canceled,2018-04-26 08:13:54,2018-04-26 08:32:52,,,2018-05-10 00:00:00,2018-04
35848,3f97741c29250239ff213d393949f2e3,1731db282fac679041eb553468a52e08,canceled,2017-03-20 19:36:51,2017-03-20 19:36:51,,,2017-04-19 00:00:00,2017-03
35945,d98c008ab7402c99b12dc051744284e8,7828259afabc492846fc688e48663280,canceled,2018-02-21 09:43:49,2018-02-22 02:15:53,,,2018-03-07 00:00:00,2018-02
36033,5627a31940ca40213ead4a6a71e7b386,48d301b5b8df06178be995e0ae887bbe,canceled,2018-05-21 12:22:10,2018-05-21 15:34:08,,,2018-05-29 00:00:00,2018-05
36034,13bdf405f961a6deec817d817f5c6624,b279a1d441c73c1974d7a63618855aa0,canceled,2017-03-16 02:30:51,2017-03-16 02:30:51,,,2017-08-08 00:00:00,2017-03
36119,12af24617f25e0c8cd411544f704f2f7,13733cc0a4aafa89ac9017036cc89fe6,canceled,2017-01-26 23:11:32,2017-01-28 10:33:06,,,2017-03-06 00:00:00,2017-01
36446,816e9ea5a585767bf637afdfb6d536ed,9629cd856821f7cffff6f6238d5cb5e7,canceled,2017-09-27 20:03:11,,,,2017-10-19 00:00:00,2017-09
36582,ad430bc59db52b1f7522b6f19e669bc6,eed07583336a218b34ffa4773126a86b,canceled,2017-03-05 19:39:34,2017-03-05 19:50:09,,,2017-03-27 00:00:00,2017-03
36639,8040bd2eb4b6e7cfcda94f1ccdcc703d,43d849aaaec5478f91ff9b26406d7808,canceled,2017-05-03 23:23:55,,,,2017-06-07 00:00:00,2017-05
36721,c7da51b752a41bf0fc419eb6b929b582,e1655c7d605b0ed5ec8fc10043ef3076,canceled,2018-07-04 13:11:55,2018-07-05 16:35:10,,,2018-07-23 00:00:00,2018-07
36762,f289bb2bb19d49b2e6aa64cb10b0e4bc,2f3dc6fda9c82bef02f23f9387ef137e,canceled,2018-08-08 20:48:39,2018-08-08 21:05:04,,,2018-08-17 00:00:00,2018-08
36884,7114487751b14b1d7f547fefba1eec75,d9701914d7ce67dae929a04783aa18d2,canceled,2017-11-22 19:56:37,2017-11-22 20:26:11,,,2017-12-12 00:00:00,2017-11
37003,869997fbe01f39d184956b5c6bccfdbe,55c9dad94ec1a2ba57998bdb376c230a,canceled,2018-09-26 08:40:15,,,,2018-10-25 00:00:00,2018-09
37035,92a0ba3943ad83671830b1091c606671,867c55ed114e42ec2f42e8f40b114cf4,canceled,2017-03-24 00:24:17,2017-03-24 01:23:01,,,2017-04-26 00:00:00,2017-03
37669,66418c06e5f1b83ea04c3d1a7221db5d,5489b0dfffe293c1007436f4a0b1544c,canceled,2018-05-07 15:02:10,2018-05-07 16:52:49,,,2018-05-22 00:00:00,2018-05
37675,99b492e774feb838a15101dc48ecb6f0,0a095e1e6ef438f5fa02a40716b22126,canceled,2017-08-03 11:01:10,,,,2017-08-17 00:00:00,2017-08
37698,5347a99b50c4d33d2959dcce4e19641c,a90eb0fd53226594f6390b44eab06946,canceled,2018-06-19 22:39:33,2018-06-19 22:55:57,,,2018-07-13 00:00:00,2018-06
37766,4c5e883786df8d555be4dc12f11d3fe7,1fe8ff5b23920df6e3509db320011455,canceled,2018-06-10 06:44:32,2018-06-12 04:57:32,,,2018-06-25 00:00:00,2018-06
38291,032cf17f7a713287e46999fddea6051b,7ec44117b7760d297447f1cff2a10967,canceled,2016-10-07 12:21:07,,,,2016-11-17 00:00:00,2016-10
38615,5f416901ed4850dea2341b0c8cf6fde7,9cfe17d7f310c898ff790dc592d005e1,canceled,2017-11-05 17:40:04,2017-11-05 17:50:55,,,2017-11-24 00:00:00,2017-11
38687,f86d7bc39aab05299691322044b63bb2,ff31bee1ba4bba00cc14b1b91c8d28f3,canceled,2018-08-13 18:43:06,,,,2018-09-25 00:00:00,2018-08
38902,f7f1e7aa2dda713297141d80375e9509,4da2c9c807e40ef2c7c78cca34ffa0f3,canceled,2017-08-12 19:53:24,2017-08-13 20:05:21,,,2017-09-18 00:00:00,2017-08
39491,34b3d6f518fb789c443e4ec00f9bb0ce,0340b2de09f18a986fea9f26cc7b2d9c,canceled,2017-05-25 13:07:50,2017-05-25 13:22:31,,,2017-06-19 00:00:00,2017-05
39655,1f66f9bfd244a5383aeb00a84ad12a66,b692755548475c6db9d19858c5da06f1,canceled,2016-10-10 10:49:54,2016-10-10 12:01:56,,,2016-12-08 00:00:00,2016-10
39737,c306eca42d32507b970739b5b6a5a33a,24b0e2bd287e47d54d193e7bbb51103f,canceled,2018-08-13 09:14:07,,,,2018-09-05 00:00:00,2018-08
39919,4637ca194b6387e2d538dc89b124b0ee,a73c1f73f5772cf801434bf984b0b1a7,canceled,2018-09-03 14:14:25,,,,2018-09-10 00:00:00,2018-09
39993,f3bd213a969549dd53ed48872f4bb69d,1b4970ad8aaf073fd9164c55384584a5,canceled,2017-09-22 21:15:18,2017-09-26 03:49:17,,,2017-10-17 00:00:00,2017-09
40036,16547d000ee8f177f45827613e2a17f3,7046abe749e4aafda4638fd2e718aff7,canceled,2017-03-21 21:16:22,2017-03-21 21:16:22,,,2017-04-13 00:00:00,2017-03
40076,7fd4b0e047195ca197c3660772a8d8c0,fc253202cb10b4a99ac862321a854858,canceled,2016-10-08 07:02:33,2016-10-18 15:19:10,,,2016-11-18 00:00:00,2016-10
40235,c8c528189310eaa44a745b8d9d26908b,197a2a6a77da93f678ea0d379f21da0a,canceled,2018-08-28 20:05:14,,,,2018-09-11 00:00:00,2018-08
40280,adf7aaadebc68680921043015e141781,2aff521038707d414de8632a6bd8ddbc,canceled,2017-05-15 09:06:16,2017-05-15 09:15:17,,,2017-06-19 00:00:00,2017-05
40325,8cb7144be7be61b57614e79ece54a225,fab1c8d0492140b974bd11575b4c0e78,canceled,2017-11-14 16:47:06,2017-11-15 02:56:21,,,2017-12-06 00:00:00,2017-11
40411,9bcddf79e9ba13cbf6c32e0916bd42d7,22bc8c03ed4c0ed9269d8afd5c33733f,canceled,2018-02-19 15:44:34,2018-02-19 16:50:39,,,2018-03-09 00:00:00,2018-02
40419,13a60be94bc36bf7c5f1e0a849cdd6e4,fcd909bbcc659f6100bf2a987d65aca5,canceled,2018-02-19 10:56:33,2018-02-19 11:07:50,2018-02-20 19:19:17,,2018-03-15 00:00:00,2018-02
40734,eea28ef28b84c9907e7417c41813bd34,43e75acd76726d795aa44ccbcc95c764,canceled,2017-10-09 15:46:07,2017-10-10 20:49:37,,,2017-10-30 00:00:00,2017-10
40861,84002f994c72707b99788fbbc6f72f3f,da46ea1fd34482beef6ea70f81442d75,canceled,2018-06-29 09:20:04,2018-06-29 09:35:14,,,2018-07-23 00:00:00,2018-06
40994,6ef587afa4703fd874edb7ade8efc7b0,e41cd8b93481d35a00680e774858358c,canceled,2017-11-18 02:39:31,2017-11-21 03:46:31,,,2017-12-01 00:00:00,2017-11
41086,b4c4b76c642808cbe472a32b86cddc95,e0a2412720e9ea4f26c1ac985f6a7358,canceled,2018-07-12 12:08:36,2018-07-12 12:25:53,,,2018-08-01 00:00:00,2018-07
41132,e9c9e163bd9e8a23c5afab293ed676e2,62d3d5126a9e6607e62fc5a79363580f,canceled,2018-02-21 10:27:40,2018-02-21 12:05:31,,,2018-03-13 00:00:00,2018-02
41401,dce845cf61098865d01085518184dbb9,1c85b204ba5ddfe3fb06405f81939769,canceled,2017-07-12 18:10:57,2017-07-12 18:25:20,,,2017-08-03 00:00:00,2017-07
41419,e8e186c0ebe18282aada53c56e7da34f,3b4f0692301aa019cceb68556e411f88,canceled,2017-05-02 07:34:35,,,,2017-05-29 00:00:00,2017-05
41631,c4ca4450ac2974ba5eeb4832b7ec724a,314a2d71cc565d90ca1715dcb8bd336f,canceled,2017-05-12 10:28:30,2017-05-12 10:42:45,,,2017-06-05 00:00:00,2017-05
41765,114e0ad5d9cd8931d7541e1331bdb503,434d634f90c55aa326a893f6b13cfdac,canceled,2017-08-14 10:44:51,2017-08-14 10:55:16,,,2017-09-18 00:00:00,2017-08
42213,f184018d4bdb5a578d594906fdff974e,3effa8f45f1b79dae23e1867d20fec21,canceled,2017-07-25 01:55:52,2017-07-25 02:05:23,,,2017-08-16 00:00:00,2017-07
42657,f4a8cf5dcabdbe8dd7e65e1674db3015,f46fbb1f9d19890a021e112d9e67c4c0,canceled,2018-01-21 23:26:18,,,,2018-02-06 00:00:00,2018-01
42673,a31ecde4565b9e5e70a4ac17fb47174c,7c4b8e956f27bed90b8269e5a04ac6db,canceled,2018-01-29 21:55:59,2018-01-31 13:32:23,,,2018-03-02 00:00:00,2018-01
42724,4551b488487e6cfa31f9e35073d3c5d4,dfa7df4afe1ba4c38428bd36cd4444c1,canceled,2016-10-09 12:43:21,2016-10-11 17:16:27,,,2016-12-06 00:00:00,2016-10
42848,16b812958d1a00bb75c3256b05b5a632,eb33bee09a3f5351b344d6c73cd74c52,canceled,2017-11-21 18:20:28,2017-11-21 18:28:23,,,2017-12-01 00:00:00,2017-11
43147,24b425b6d0f061fcb84c1832d221e3bb,aeb4c7533882b7b165d846a5cb5a4c3e,canceled,2017-08-22 09:50:59,,,,2017-09-26 00:00:00,2017-08
43429,a9569e5470a944e2c8787ab08b6e26ed,deac5870962fbc4af64040f2cbfd57d9,canceled,2018-07-20 14:04:13,2018-07-24 11:32:54,,,2018-08-07 00:00:00,2018-07
43469,e2557098c56afd06a929b32a63b5f856,5d6df51c09860f2d3181a685d5b6bc6e,canceled,2018-03-01 15:20:13,2018-03-02 10:15:22,,,2018-03-15 00:00:00,2018-03
43577,93aa3d58f7f2a97010801f8ff8dc45a5,0496b71ebc90246e3e2ed28846651580,canceled,2018-04-29 10:04:24,2018-05-01 05:35:29,,,2018-05-14 00:00:00,2018-04
43592,bfcec6fcc6a68c5505537bb8a0a38039,f40cc9209965e48412fc7fcef541113e,canceled,2018-03-20 19:22:08,2018-03-20 19:35:27,,,2018-04-06 00:00:00,2018-03
43599,966f96af9d189dc428ff04ebbca821b8,90e1931af4fb878dbe45c79e6e458015,canceled,2016-10-04 20:41:45,2016-10-06 15:57:38,,,2016-11-24 00:00:00,2016-10
43805,a37ddd895baf6a663cd42465aa1a1d10,b70f3b9d478cfceb437d77c3c6e1b251,canceled,2018-07-03 23:02:29,2018-07-05 16:30:45,,,2018-07-27 00:00:00,2018-07
44304,6ad336dba0613cde0e5717f50dc8c669,f6dd94c82d8cf048ef7b4df3ed7a12f7,canceled,2018-01-25 17:18:26,2018-01-25 18:12:14,2018-01-26 20:12:58,,2018-02-23 00:00:00,2018-01
44612,808c7c69c2778bdf4689eee0286e2bef,d9335c099e6943d88ac5f8a7cb418b66,canceled,2018-02-22 07:57:07,2018-02-22 08:10:27,,,2018-03-13 00:00:00,2018-02
44646,7ef8671acf9060d60ac3eb8616a99627,318f51c7ee5c251d5769f325157ef513,canceled,2018-06-18 23:29:27,2018-06-18 23:57:01,,,2018-07-13 00:00:00,2018-06
44831,8cacf6d8c088e18ca96ee6d5a138461b,5885d2cdadfe2bfd47d3b8221e0685eb,canceled,2017-05-27 22:42:30,,,,2017-06-23 00:00:00,2017-05
44871,8652f7789fe1585b439154b7ae0f4285,0f29ccaad86ee7442d59a69cf4166c6b,canceled,2018-02-20 14:49:42,2018-02-20 15:09:18,2018-02-21 21:23:04,,2018-03-12 00:00:00,2018-02
44906,d9258776ebce96efd9811c6554d12726,1ead19a592ff7cb342e088c257c1f45d,canceled,2017-10-20 19:35:47,,,,2017-11-16 00:00:00,2017-10
45061,383bb8b07361166ea86f3f4b51e96ff7,980dbc98d42220a8cbeb85142b6f6ee1,canceled,2018-03-15 10:12:28,2018-03-15 10:29:39,,,2018-04-10 00:00:00,2018-03
45097,d5fe6827cc4a6ce0562e5e116c627839,b0a556928aa7ebcea400790bfc3565b6,canceled,2017-06-22 17:52:25,2017-06-23 18:03:43,,,2017-07-21 00:00:00,2017-06
45102,2cef7c298050b8d6865e77d071529770,503840d4f2a1a7609f6489f44ffa9f7c,canceled,2018-06-19 14:56:02,2018-06-19 15:19:41,,,2018-07-05 00:00:00,2018-06
45217,2b020fc22c27548cc22ee8447edad356,84c20d0d11544eca9070946f4bb31c98,canceled,2017-08-02 14:08:18,2017-08-02 14:23:13,,,2017-08-24 00:00:00,2017-08
45351,485a9b5ac4906bb7eaac99931164c87b,3a3eaa27404d482a1a4f0fc8897d03d8,canceled,2017-08-09 12:56:51,2017-08-09 13:10:13,,,2017-09-18 00:00:00,2017-08
45532,860455aa7b45766b3d33b051cebc6e27,efbc3a1137c497705f0615f57e253f32,canceled,2017-05-14 21:16:54,2017-05-16 03:30:32,,,2017-06-02 00:00:00,2017-05
45649,25fd9ab410ed941187c41224aaecd049,00f8a4bbb515bfe8f84f9cfa45621250,canceled,2017-07-11 12:51:03,2017-07-12 02:24:54,,,2017-08-14 00:00:00,2017-07
45859,4f1743c0fc4465b3df1209280e727fa6,23349d7815ebab38482edcc7067d7f33,canceled,2017-08-11 13:17:36,2017-08-12 02:45:20,,,2017-09-13 00:00:00,2017-08
45916,83630f2412ec5ad7dc40991d1225e93c,ad6d2a29482345c8f02cc58311e11312,canceled,2018-08-14 15:26:11,2018-08-14 15:44:11,,,2018-08-24 00:00:00,2018-08
45967,ee38b45af2d4e705a88a37af7f0cda97,bbaecf87a9363029f2406448dd098b16,canceled,2017-12-31 12:12:02,2017-12-31 12:26:43,,,2018-01-18 00:00:00,2017-12
46092,e697685891b55205f61d598d64db1c1f,2e8cd79c726416c273f1a84f190eb3c8,canceled,2017-11-06 09:05:48,2017-11-06 09:26:38,,,2017-11-17 00:00:00,2017-11
46119,d66296945273987f899b24ce13f32f81,9dad7fca5ae0a6a7e9834fd633049424,canceled,2017-11-02 18:11:24,2017-11-04 05:05:32,,,2017-12-01 00:00:00,2017-11
46120,ec07c952b2e699cd885db38a3c9362f9,85c768a183c66d7db2ed659b450eb0a8,canceled,2018-03-29 23:27:12,2018-03-29 23:47:45,,,2018-04-23 00:00:00,2018-03
46599,a9c6c0298a1b91a7e66a387df066e225,bd989dd640bbac52bbb0fd92fb8539ac,canceled,2018-03-19 19:10:23,2018-03-19 19:28:31,,,2018-04-06 00:00:00,2018-03
46601,b715c631fdd01580d9de3ed3759523c7,14d0a56007d15cde2d14e47edd0ef3c1,canceled,2018-02-17 20:24:59,,,,2018-03-12 00:00:00,2018-02
46655,2b941f8e6ff81158a52de44909dc2a52,76ff5182e587b958e3b372f958ffbe16,canceled,2017-04-14 19:05:05,,,,2017-05-10 00:00:00,2017-04
47511,ab6d84885a2b1513ec4035973c08460f,97daaee8d701a5059c4256c17ef8bc5d,canceled,2018-08-04 10:54:42,2018-08-04 11:05:10,,,2018-08-13 00:00:00,2018-08
47709,24f07a52ca6b749c618b46ddb2e94b8a,2fead6d196da5adf133e4ddb08f51c8c,canceled,2018-01-30 09:39:05,2018-01-30 09:56:17,2018-01-31 23:39:52,,2018-02-21 00:00:00,2018-01
47756,a3ed0979ab701d548275a0f5c844c635,c867b109192c6397f8f3e408daaa0bf5,canceled,2018-03-05 14:37:03,2018-03-05 15:20:29,,,2018-03-15 00:00:00,2018-03
47823,f4366d9980e6fb925d2ed9a63d8a6e2c,396a7bd5d07dd9a55593b1eef5eb4fea,canceled,2017-03-10 13:52:02,2017-03-10 13:52:02,,,2017-03-31 00:00:00,2017-03
47877,3a3aed58b078ba2d2105cd76ce7a76d7,4df922283e840682df69a70aed95807d,canceled,2017-05-25 16:12:51,,,,2017-06-16 00:00:00,2017-05
47905,6e98de3a85c84ead6689189b825d35b5,f34a6e874087ec1f0e3dab9fdf659c5d,canceled,2018-03-15 10:07:02,2018-03-15 10:29:33,,,2018-04-09 00:00:00,2018-03
47907,53ee943d0767c9dc3922938b2550ab26,140ffd2c310ca890581c175512144a8e,canceled,2017-09-10 16:41:44,2017-09-12 07:50:19,,,2017-09-27 00:00:00,2017-09
47910,80fd1b0b81771253d43532f41d575d39,d981162ce1ef6f63978f2240a8d2b545,canceled,2017-10-29 18:02:37,,,,2017-11-28 00:00:00,2017-10
47931,0fb9645c128ac84788798f0129496ca7,80a4c819314e5ff01e66ba8780857b4e,canceled,2018-08-21 10:15:51,,,,2018-09-04 00:00:00,2018-08
48188,0ed61f5ab3280ff43b157a6e91942538,676f55d05b1059070b493c5e9e741917,canceled,2017-03-29 19:56:47,2017-03-29 20:10:17,,,2017-05-12 00:00:00,2017-03
48488,fdbbb1715d0c62c714e2a8178b95dd54,4eee43e4ae51748483930117ac32369d,canceled,2018-05-20 21:30:58,2018-05-20 21:50:38,,,2018-05-29 00:00:00,2018-05
48919,1046c724dec8bc31545703d07c378073,8f9a7227b5626fdf0b401e8832446f84,canceled,2018-07-14 10:27:55,2018-07-14 10:44:03,,,2018-07-30 00:00:00,2018-07
49411,3f6509ff22303ff04b9bf1b2c8bf69c6,496a97eab481772b61371ad4f2d392c0,canceled,2018-08-13 19:21:19,,,,2018-08-17 00:00:00,2018-08
49702,56f251ca89f74d06076966d5d49b9dc6,8d632afbccd84514a99517b239113320,canceled,2018-03-01 18:03:33,2018-03-01 18:15:44,,,2018-03-23 00:00:00,2018-03
50059,29b81e2d5bebb9616041efb0ebbc931d,5d129305a62a8b8565abbf89b92de3f3,canceled,2018-07-20 15:37:38,2018-07-20 15:50:18,,,2018-08-02 00:00:00,2018-07
50190,a90966534748634cbb133383bf0eee68,509585871d9505d583be980046b14b8a,canceled,2018-02-01 16:49:17,2018-02-01 17:15:39,2018-02-02 19:26:53,,2018-02-19 00:00:00,2018-02
50191,38b584be7174802377777bcd60e7a459,bf7aeb48aaf84c74e205482939a1ecc0,canceled,2017-11-02 23:12:48,2017-11-02 23:30:48,,,2017-11-16 00:00:00,2017-11
50387,392ed9afd714e3c74767d0c4d3e3f477,2823ffda607a2316375088e0d00005ec,canceled,2018-09-29 09:13:03,,,,2018-10-15 00:00:00,2018-09
50501,66dbde751178d7674bd09f18b6d25006,6903c9e22ca171ab56f877af3ebaa9dd,canceled,2018-02-05 16:30:33,2018-02-05 16:52:11,2018-02-07 22:52:43,,2018-03-12 00:00:00,2018-02
50653,20e87d0bc3b241dd3b4d34a6446d013e,f6c05e803aa36fe851a6f81cf3128188,canceled,2018-07-05 17:01:31,2018-07-05 17:12:19,,,2018-08-22 00:00:00,2018-07
50670,ee987bbabed0cc87dc5354eb2b661740,9d708fd1bd16da6d21996210605031a2,canceled,2018-07-30 11:19:52,2018-07-30 11:44:37,,,2018-08-15 00:00:00,2018-07
50810,5bca61e411c4fcce08327a8efc371911,ffaded93e5a1fce06363cfb6905676a1,canceled,2018-06-13 20:52:10,2018-06-13 21:20:38,,,2018-07-11 00:00:00,2018-06
50876,e248283e6b8ba09b05efea1000d9478b,7283505b00797306818c085c6baf0752,canceled,2018-03-03 19:20:13,2018-03-03 20:00:25,2018-03-05 18:18:40,,2018-03-15 00:00:00,2018-03
50903,edeae57fd6bee25e030ac14863a6ae0f,019f5bb93ed18dd059051c3f81abe394,canceled,2018-03-27 18:28:20,2018-03-27 20:27:25,,,2018-04-12 00:00:00,2018-03
50953,3bd3b4d482f916c2c9662b8da6f2758b,e1053f60223f6446d021fc034d81f5a3,canceled,2018-08-20 15:07:42,,,,2018-09-04 00:00:00,2018-08
51155,d35703faec55cda0ceeb4f50a4d584ae,d21101a81657215bf9d86ccc3da340a1,canceled,2018-07-16 22:08:56,2018-07-16 22:20:45,,,2018-07-30 00:00:00,2018-07
51162,d8bd004470081a1d36e3fc745cd96951,c632ad18acd96fb52bfd4a4de51d11e4,canceled,2017-05-30 10:54:45,2017-05-30 11:10:14,,,2017-06-20 00:00:00,2017-05
51265,41262f14e0abde70b2d3683fe4b257d6,9d8cd38359ef7bd7197fe4fb0ceaf038,canceled,2018-06-26 18:51:52,2018-06-26 19:18:36,,,2018-07-20 00:00:00,2018-06
51294,0d5a676d302e3fd20182bd158cde4371,c2640db8a9066c36b353784500821c57,canceled,2017-11-29 00:05:15,2017-12-01 11:32:19,,,2017-12-13 00:00:00,2017-11
51402,aa7c3f20fab2d3cb0f76ab5165e47618,a907c1cc7d54627276af64647fbd61ad,canceled,2018-02-15 11:40:45,2018-02-15 11:50:38,,,2018-03-09 00:00:00,2018-02
51435,00ff0cf5583758e6964723e42f111bf4,e3626ed5d1f2e3a02d692ec948b25eeb,canceled,2017-04-10 00:45:56,2017-04-10 01:03:29,,,2017-05-04 00:00:00,2017-04
51712,1118f05e23d1a8082fa47f8a377de658,8292e9df852ab7fce9e1bafc08870878,canceled,2018-08-07 15:05:23,2018-08-07 15:15:29,,,2018-08-13 00:00:00,2018-08
52161,4ed4fa202c468c14366fbf603c8698fd,8e9100df87f0102df82026f2400af7ed,canceled,2018-07-29 00:04:04,2018-07-29 00:40:05,,,2018-08-22 00:00:00,2018-07
52269,8e572fc4edc8dafc89bb18bf812916e6,54c305a3143449a2aa8906eca0c2305e,canceled,2018-01-26 17:26:33,2018-01-27 17:32:01,,,2018-03-02 00:00:00,2018-01
52349,52ffca67c47f7bc4350f82b1d2c20dec,30b783882dd8572d3cf6a4ac7e605272,canceled,2017-11-26 18:42:08,,,,2017-12-20 00:00:00,2017-11
53189,e834a6d9d3cea0c687c250fc654a0232,4f57a446d106709bea9b89adc073bbd0,canceled,2018-04-25 16:48:12,2018-04-25 17:15:18,,,2018-05-14 00:00:00,2018-04
53195,e7dfe42bb50a6acce37e168e44260a51,97421afb531a2c357e152626fdecd126,canceled,2018-02-14 01:59:02,2018-02-14 02:10:22,2018-02-14 20:29:03,,2018-03-09 00:00:00,2018-02
53228,4608a27e9e60c05b054631def491e7af,4fc51f554378926d8ca80aa1b1d13b1b,canceled,2018-08-28 08:10:22,,,,2018-09-12 00:00:00,2018-08
53305,8ad1b8de29d062bae836bc7d2cedc391,5c4267131706cf9a809cc1a0aac2e80d,canceled,2017-05-14 00:32:26,2017-05-14 01:10:24,,,2017-06-01 00:00:00,2017-05
53475,490291524fddde2b31c2e6bec3d9e6da,ea2ba2a668051e4b78923fc0ef607f86,canceled,2017-04-14 22:40:54,2017-05-13 02:45:06,,,2017-05-23 00:00:00,2017-04
53501,afb61112fb99b07fe17e591c68c0c84c,36b182c39933d55e307096ccc3fd2970,canceled,2018-09-06 10:48:12,,,,2018-09-19 00:00:00,2018-09
53517,27667a063cb59b5d987a5a71c192cce5,abaee92d4978f8216173d5d632867746,canceled,2018-08-27 19:54:54,,,,2018-09-06 00:00:00,2018-08
53641,2f763c623e85177077b5a4ee2d3cced5,c24d9b328fcc64c56fd908be937bcf3d,canceled,2017-05-17 15:46:06,2017-05-17 16:02:33,,,2017-06-08 00:00:00,2017-05
53688,e5215415bb6f76fe3b7cb68103a0d1c0,b6f6cbfc126f1ae6723fe2f9b3751208,canceled,2016-10-22 08:25:27,,,,2016-10-24 00:00:00,2016-10
53765,9f4f60c24b20845efd8d6b863b571d20,349f53f02e5fd1cf1a2a9c7faf422363,canceled,2017-03-04 16:23:16,2017-03-04 16:35:13,,,2017-03-20 00:00:00,2017-03
53900,ade919610216d8fcd6333ce3696449a4,d7e2e0a2eaefbf557a9886e0c2032ace,canceled,2017-09-24 18:32:25,,,,2017-10-23 00:00:00,2017-09
53945,dbbbc904081f8e928028432e2e3d7686,1d34ed25963d5aae4cf3d7f3a4cda173,canceled,2016-10-06 13:24:15,2016-10-07 10:16:33,,,2016-12-14 00:00:00,2016-10
53968,3bb82ee5c8d4849ec722da99ba1bf228,fb01511a81dd51acff26ddbe5c376174,canceled,2017-11-23 13:33:14,2017-11-24 03:11:47,,,2017-12-13 00:00:00,2017-11
53997,2c0032906c603dcc21cd954828fa77d0,4afea82f984caa99c5946b758f101abd,canceled,2018-02-06 13:44:50,2018-02-06 15:55:40,2018-02-16 20:35:24,,2018-03-12 00:00:00,2018-02
54286,c9db1bfe07af2c4724a461a704c1ec67,9f8afaa4902b9196098e0c341bbe683a,canceled,2018-07-30 16:52:00,2018-07-30 19:31:37,,,2018-08-10 00:00:00,2018-07
54367,1ec801f67c9ddedd7232db3f8045adef,5dcacec261f9a2d9b142342791ca9410,canceled,2017-05-31 08:57:32,2017-06-01 03:55:31,,,2017-06-13 00:00:00,2017-05
54510,4be69a31714c77604076ab0004055c6c,64f5f567fef8b7faab9a3c95e572cf3c,canceled,2018-01-31 19:30:37,2018-01-31 19:49:47,2018-02-03 02:33:05,,2018-02-22 00:00:00,2018-01
54537,74e198a81e758ec637a42e8f2e856927,cf4ac5bebc177cc2f3accbcd7e12bd50,canceled,2018-08-18 09:27:28,,,,2018-09-17 00:00:00,2018-08
54636,7ea0cd46b9a8fbf664e537374947787c,44be08be1465706be7a032d9e563d9f5,canceled,2017-07-12 18:10:14,2017-07-12 18:25:16,,,2017-08-03 00:00:00,2017-07
54716,9c4aacf06d8fee894180123720425a6e,ddcd29ba4b3448376551d1c303c24fb4,canceled,2018-02-13 21:48:17,2018-02-13 22:07:46,,,2018-03-14 00:00:00,2018-02
55065,cd408efeda0fdd3fe5f27134bd065001,7183e78211dd520b9a9d1ed9aa888b35,canceled,2018-02-08 22:19:00,2018-02-08 22:30:25,2018-02-09 23:46:35,,2018-02-22 00:00:00,2018-02
55193,c549f0d88f33bfe43351b893f1fb55ac,ea26950075411d4c3569a71853ee7388,canceled,2016-10-06 13:21:05,,,,2016-11-16 00:00:00,2016-10
55250,58ab05a43a2649047ae3906759cea594,f1faa32b3410658ccb5fde57eb7adc50,canceled,2017-10-09 06:06:44,2017-10-09 07:12:04,,,2017-11-03 00:00:00,2017-10
55266,113e41a438f06ffae6d1857e01d60c45,8210d932dc0ae881df69bc694b290b7c,canceled,2017-08-10 09:31:59,2017-08-11 04:25:38,,,2017-08-24 00:00:00,2017-08
55271,7738754cace77285b4b13ce8ea5979cb,33ac5a0d983f8f8905499a9f926086f5,canceled,2018-01-03 11:37:39,2018-01-03 11:47:09,,,2018-01-30 00:00:00,2018-01
55394,dccb282b858f9b481824964de4cda528,993d3aaa8f72c48c09cfe10946eb7c6b,canceled,2017-08-25 19:10:57,2017-08-29 04:26:12,,,2017-09-20 00:00:00,2017-08
55474,aa1ae480ffdf6aefc191b45ebd4fdedb,dc4a4863832cad43ecf971aae07084de,canceled,2017-05-09 21:42:43,2017-05-09 21:55:20,,,2017-06-02 00:00:00,2017-05
55558,1decf741e38f6bb92236968ffff3b2dc,764aae7da5503356d7ee0f4a4769080c,canceled,2017-07-21 12:54:47,2017-07-21 13:05:19,,,2017-08-03 00:00:00,2017-07
56064,77afc8cdc7d93975016850b0b1b02c90,6478510b2c0573351a3bf335b4635c34,canceled,2018-08-15 22:39:11,2018-08-15 22:50:16,,,2018-08-20 00:00:00,2018-08
56144,3cd7a167d6f4300d15a7c8816c1b29d5,18f8cccef7493faa881941ce84bae351,canceled,2017-09-15 15:51:13,2017-09-16 16:04:25,,,2017-10-05 00:00:00,2017-09
56589,dd38e535112fb5094b53b1997c4eda52,806f601fd9936f4d97179a15b3b4c3ad,canceled,2018-08-13 13:01:54,,,,2018-08-21 00:00:00,2018-08
56996,552e0a8dae101e32155120202f427b71,d1167e026b86aff77a4599738bf972dd,canceled,2016-10-09 11:23:21,2016-10-10 08:35:12,,,2016-12-12 00:00:00,2016-10
57015,08662c478bed0444d0515925af759547,e386d59b64144f2d4ec3ec84de244059,canceled,2017-03-20 08:00:14,2017-03-20 08:00:14,,,2017-04-17 00:00:00,2017-03
57052,90eaac01afdf4e531a70ad869e092c75,9989fec0cc8309e9afcb1da811943f3a,canceled,2018-06-05 15:15:24,2018-06-05 15:36:54,,,2018-08-06 00:00:00,2018-06
57811,a2714ecbf6eeb3bb9cd7dba6dc1c5e82,5fe0562353e8f0b6c0c6b55cd0f58fe0,canceled,2018-02-14 18:01:38,2018-02-14 18:20:40,2018-02-15 17:27:27,,2018-03-06 00:00:00,2018-02
57824,854f8cb8dacdc3abc4cce7a7df6fcc1f,58512a1043fd8047a4f96d5fa665fd2d,canceled,2018-02-02 09:09:27,2018-02-02 09:15:27,2018-02-08 22:06:59,,2018-03-06 00:00:00,2018-02
58108,cadd4c5765abf658117f2cc7e2a639c2,939c6ecf27d8c32e7956b4a2a468326d,canceled,2018-08-10 21:20:04,2018-08-10 21:30:18,,,2018-08-24 00:00:00,2018-08
58173,0c2bc0e5935dcca29a9e0cc2e5236a13,b6615ef3680b677d2459723631d7cd3c,canceled,2017-11-09 12:11:56,2017-11-09 12:31:22,,,2017-12-01 00:00:00,2017-11
58266,770d331c84e5b214bd9dc70a10b829d0,6c57e6119369185e575b36712766b0ef,canceled,2016-10-07 14:52:30,2016-10-07 15:07:10,2016-10-11 15:07:11,2016-10-14 15:07:11,2016-11-29 00:00:00,2016-10
58327,73863aca434e1d117e45109bea6f1937,f3f7e581618408da1e8d5ebe236082b3,canceled,2018-07-29 00:05:24,2018-07-29 00:15:14,,,2018-08-15 00:00:00,2018-07
58329,90dea0577f835cee1385c71345f7a1d9,81d302f82bb3b158fba1d63e779461de,canceled,2017-08-30 16:05:34,2017-08-30 16:15:23,,,2017-09-12 00:00:00,2017-08
58520,568392c8ee5c7a3bcb175e386ae76e90,6fc83638ac91b73a1439370e4d95a733,canceled,2017-08-25 00:21:59,2017-08-25 00:30:14,,,2017-09-19 00:00:00,2017-08
58537,fe9fae71b4fa7d05f1934adc54391f8d,fa9db18cb6fd65d306a4d710799111a8,canceled,2018-02-15 15:28:12,2018-02-15 15:46:54,2018-02-21 19:59:14,,2018-03-07 00:00:00,2018-02
58790,db0335818a0e49d9d5bbe1ce0a99310e,8e9bad01be77e446634b85d8b7261ef9,canceled,2017-11-15 07:45:44,2017-11-15 07:55:26,,,2017-11-30 00:00:00,2017-11
59268,e20f1823b7c3cea563148b3d9864132f,867375159eb6b26b2c4215966b2206a1,canceled,2017-05-16 22:17:00,2017-05-16 22:25:13,,,2017-06-12 00:00:00,2017-05
59286,881a5cda3b897b035971e3fcfce58aa6,aabb289abf4c3277937c216d0729f36d,canceled,2018-01-31 16:16:21,2018-01-31 16:34:19,2018-02-02 19:04:47,,2018-03-01 00:00:00,2018-01
59332,8beb59392e21af5eb9547ae1a9938d06,bf609b5741f71697f65ce3852c5d2623,canceled,2016-10-08 20:17:50,2016-10-09 14:34:30,2016-10-14 22:45:26,2016-10-19 18:47:43,2016-11-30 00:00:00,2016-10
59433,587a39d6ab7297ee16b3d5ebdaa0f776,69ed85715d3bff3b648ef923daed0056,canceled,2017-01-11 18:32:24,2017-01-11 18:45:23,,,2017-02-21 00:00:00,2017-01
59545,9512251cbae0778ea863f6242d3e5789,fed67945c09986de880e4b3fdd1d3f07,canceled,2017-06-15 17:34:29,2017-06-15 17:45:18,,,2017-07-05 00:00:00,2017-06
59661,a911878b89655a6ca2a33ed01e1c8d3d,19f1fc491b7b350f93bb538f0cd48912,canceled,2018-03-05 09:28:19,2018-03-05 09:48:20,,,2018-03-19 00:00:00,2018-03
59762,cb3d8a1cca3468a5e99f78eaf49bce40,4481945a0554d214e5a43452060d68a9,canceled,2018-07-14 00:52:45,2018-07-14 01:05:10,,,2018-07-26 00:00:00,2018-07
59781,671ac88df4b1b29a8c7a049140189bcd,46c370da1eb308908760b4b8e7a34675,canceled,2018-06-20 20:54:17,2018-06-20 21:18:18,,,2018-07-05 00:00:00,2018-06
60160,aed488062a3d349252ffe2961e214551,4479ae32bee6820fdc3d2129c2fb5d10,canceled,2017-10-16 09:09:13,,,,2017-11-08 00:00:00,2017-10
60484,4b8e7900278770ffef6b0da3d58dff9a,61c764d372cce2bd1346153a1ddef9d7,canceled,2018-08-13 12:56:01,2018-08-13 13:05:18,,,2018-08-28 00:00:00,2018-08
60706,9bd5312d12f48b04a460f702baff3d8c,4d145fd1d3245cbb3697dd41b4bcf19b,canceled,2016-10-06 20:43:30,,,,2016-11-16 00:00:00,2016-10
60751,1cee73866d7513dbc499639d14020ce4,af6b5c7327d3dc4e1c212fa747706713,canceled,2017-07-24 12:52:27,2017-07-24 13:05:20,,,2017-08-14 00:00:00,2017-07
60757,6a5743b4fba3fe11bd82fb9a759f703d,5b50a17129a0fbaa9501a3ff84bca338,canceled,2017-10-05 11:39:07,2017-10-06 02:07:18,,,2017-11-07 00:00:00,2017-10
60761,a190e742e89ce74773221a6d4cba6f10,bfdd83e144a491776d882b2743b93704,canceled,2017-03-25 05:12:19,2017-03-25 06:25:10,,,2017-05-05 00:00:00,2017-03
60938,10a045cdf6a5650c21e9cfeb60384c16,a4b417188addbc05b26b72d5e44837a1,canceled,2018-10-17 17:30:18,,,,2018-10-30 00:00:00,2018-10
60961,3fffdbcdd7ed6b3acdb0bdbc5c96df52,56993e1faa560e969e0ba199573545f6,canceled,2017-10-29 16:25:52,2017-10-30 16:31:24,,,2017-11-28 00:00:00,2017-10
61421,9c83e5ae8ff2b5cad999c3dc6129a888,b16ed08790d757ebcbc3533101fb1ace,canceled,2018-03-03 09:44:30,2018-03-03 10:20:20,2018-03-05 19:19:03,,2018-03-15 00:00:00,2018-03
61744,54a8822ca8bfc9d79e1154a2e20221e0,b2bc30625c47b506516778f17725b728,canceled,2017-11-26 20:08:06,2017-11-28 02:58:21,,,2017-12-14 00:00:00,2017-11
61755,6cf51ab464bdd9f7b282f5fe72391383,6b8d0ddc6f0be6c4895f69fae60edf2f,canceled,2018-02-27 22:43:39,2018-02-27 22:55:52,2018-02-28 20:07:53,,2018-03-13 00:00:00,2018-02
61771,a402af38a74c44926247db438245d95c,3ba47b09546c2da91ef141efce2d5888,canceled,2018-01-30 22:12:10,2018-01-30 22:34:14,,,2018-03-06 00:00:00,2018-01
61840,0cb763300f5679bee73a0b0fdfe0a2d2,f3fb421cdedc2519a5d2f5c75f2cb843,canceled,2018-08-10 18:54:48,,,,2018-09-04 00:00:00,2018-08
62038,2f6492ebb2badd06db511b63ae7d7f55,0ffc8e8c374a394b0715d65963d641f1,canceled,2018-01-20 14:59:28,2018-01-20 15:22:02,2018-01-22 17:09:37,,2018-02-20 00:00:00,2018-01
62120,4a6f0e75398881152007f6ab2d3f5159,2e457d0dfc95e440c3d8f70b5bb705d6,canceled,2018-06-10 09:04:06,2018-06-10 10:30:32,,,2018-07-03 00:00:00,2018-06
62197,65fdcb432cb9cfa970e3a3817b39040d,bb8cc73ebebcd23c9f69c52637229c53,canceled,2018-08-29 08:44:38,,,,2018-09-13 00:00:00,2018-08
62219,b44b36e6b69be34f58753d3b56d24001,a6c9cacb399083fbf6497249c9d3a140,canceled,2018-08-08 14:27:00,,,,2018-08-21 00:00:00,2018-08
62404,19dec7b3d6fb0a5d9407f7274da21398,5482e393d424f7c7a91385e62ff29fdd,canceled,2017-04-17 18:22:04,2017-04-19 10:25:13,,,2017-05-23 00:00:00,2017-04
62406,123e27a1a4d0b2481d8618ac3dff7d4e,1fe4c3902c5bd6510a869b3d4fd3843b,canceled,2016-10-08 12:44:32,2016-10-18 15:19:08,,,2016-11-18 00:00:00,2016-10
62451,7fa41d59cc693e0ed84f2668b7ebe4d7,7cdd54eb1841f58ded0defbadb8820f6,canceled,2017-07-13 18:10:28,2017-07-13 18:25:09,,,2017-08-10 00:00:00,2017-07
62526,c052b5075e9fd0d83a3d2b183e6e0df1,b1b879ab67e07126ab6615c9df85ca21,canceled,2017-05-13 20:06:13,2017-05-13 20:22:40,,,2017-05-29 00:00:00,2017-05
62569,991dc90330a54fbf3461dec5bf8226ec,0e25b9588076baf393cba1ce1a47567e,canceled,2018-08-06 23:03:09,2018-08-06 23:15:19,,,2018-08-16 00:00:00,2018-08
62602,eb79d602c28b8782807ca17e4ba806cc,ae593797c45538bba5eb62f67740a1cf,canceled,2017-10-24 20:14:53,2017-10-25 02:26:16,,,2017-11-06 00:00:00,2017-10
62765,162b2345ef3cc0551c0a32058840a2ec,d08c285eb2ad222ad414f308573afa2f,canceled,2018-07-21 17:59:37,2018-07-21 18:10:10,,,2018-08-06 00:00:00,2018-07
62780,618ab5fa2138dcabd9046d13f1294fb9,816d4cd64d43fd04e499508c50e2ed9a,canceled,2018-07-23 09:52:09,2018-07-24 11:32:39,,,2018-07-31 00:00:00,2018-07
62889,f0685863a01cc11a10508d43e2131155,68cbc07269ced29d178eead440258d5d,canceled,2017-05-27 15:33:04,2017-05-27 15:45:12,,,2017-06-21 00:00:00,2017-05
62961,64a8b3b4c19751b51d211deb32fdc67b,f28fb14c9045cd9dca3f92e65691bb8d,canceled,2018-05-16 08:53:35,2018-05-18 05:16:27,,,2018-05-28 00:00:00,2018-05
62969,eb0393138e2e8b7164947608489f069e,63ed9bdb2f48c68e2449033b2f9a1f9d,canceled,2017-10-07 17:31:53,2017-10-07 17:49:22,,,2017-11-07 00:00:00,2017-10
63143,f76d5b8ea5928ea9b289b5f485e4846a,8a770dcc0e2b3c409df0707de0894e36,canceled,2018-05-15 13:17:14,2018-05-17 03:34:46,,,2018-06-01 00:00:00,2018-05
63165,be3b8d058b8100d8a2539ce0b2c6ec0b,2cb9cd4d83c7018f46ff002953f95901,canceled,2017-07-20 14:32:34,2017-07-20 14:45:19,,,2017-08-11 00:00:00,2017-07
63190,f79644ec98219489ae16ee7aabac4ebb,15d1752086d06a721b7842591ce41eb8,canceled,2018-05-05 13:36:10,2018-05-05 13:50:25,,,2018-05-17 00:00:00,2018-05
63287,4b03319a5a065c83d4fcc4f18f8cb257,52215d2772a786a11c64720063c7ac4f,canceled,2017-10-20 12:42:26,,,,2017-11-08 00:00:00,2017-10
63392,9b4a1422c8b4e65d9ab330d8d32deddf,49f311ba3c66c63e7542a637655d4a2f,canceled,2017-07-09 18:18:03,2017-07-11 03:55:28,,,2017-07-28 00:00:00,2017-07
63563,298787a86f7ed145b210dfa7262fca2f,31123765b50eb700025d04ff6a1b679a,canceled,2018-08-02 22:10:59,2018-08-02 22:24:17,,,2018-08-09 00:00:00,2018-08
63967,454a297f19c15e3f7a16c16961029402,d1bae39e16e67e0de7db76605561f3cd,canceled,2018-06-15 23:27:00,2018-06-19 03:36:36,,,2018-07-12 00:00:00,2018-06
64941,3f5d83fd2c551b9eeac583644c97ad09,1e0237f70c24e0232e8b7e0e12953a36,canceled,2018-04-13 10:52:21,2018-04-14 10:50:52,,,2018-04-25 00:00:00,2018-04
65198,0197416059c0e56b5344bf2188066317,bc0a84ea7543ac13807feccb5bfccf4b,canceled,2018-07-26 17:20:23,2018-07-26 17:30:19,,,2018-08-23 00:00:00,2018-07
65218,131ca8643d9f990f2ab26e3a33ec7950,21e11bcb4f1fee9d56abf583189acfa1,canceled,2017-04-09 13:58:55,2017-04-09 14:15:06,,,2017-05-09 00:00:00,2017-04
65247,7dfff541b2a848ecb18ceb83d02bfa6a,5510a0757de57b34e27fd23c1942793a,canceled,2018-03-23 13:44:28,,,,2018-04-11 00:00:00,2018-03
65384,1d911134e95ec6f299e80fe19b5b88c5,4dfe57404141dbca39b1eae2ec077e78,canceled,2018-08-05 22:27:23,2018-08-05 22:35:17,,,2018-08-28 00:00:00,2018-08
65487,da7af77d5f98212a8c1ad0b1c552f102,24cf7b32fc941c030828ad85d84769f7,canceled,2017-07-16 10:46:54,2017-07-16 11:02:54,,,2017-08-18 00:00:00,2017-07
65497,ded456690bcb2ffd4def86541479037f,e72188520e7450d41369c84fed0a4b68,canceled,2018-08-24 06:58:50,2018-08-24 11:45:18,,,2018-08-29 00:00:00,2018-08
65544,058e0a8627dc25b49eae4ce6ca658cb8,ef48ea66fb39a13e1310b36b676e29e7,canceled,2018-05-10 13:10:44,2018-05-15 07:14:53,,,2018-05-28 00:00:00,2018-05
66233,c2dd3125d2c742a487adbbd0704b4775,e2a07123627e483894d94c2b77a00132,canceled,2017-09-16 14:24:39,2017-09-16 14:35:25,,,2017-10-06 00:00:00,2017-09
66281,e0b4e92a39bc8b93bc4ff121772819ea,df94e5683581981f437c1986e75c2a29,canceled,2018-02-01 12:21:42,2018-02-01 12:30:36,2018-02-05 10:03:51,,2018-02-19 00:00:00,2018-02
66295,94bce2ab6f38b41d29ebbd9d755677bf,ba712872211b52224c61d5bedfc1bfcf,canceled,2017-07-09 15:38:45,,,,2017-07-21 00:00:00,2017-07
66336,1057bf6391c17f9b6960dd996029e1dc,33b3ac58c257992bb9f0dff11643b8d0,canceled,2017-07-29 12:56:17,2017-07-29 13:05:18,,,2017-08-18 00:00:00,2017-07
66455,3e70edc835c9b04809623f518a513d00,f690c800cd56736b12bc37cf53580167,canceled,2017-02-22 16:10:31,2017-02-22 16:22:22,,,2017-03-23 00:00:00,2017-02
66461,fe9aa3b22b4d65ccbaffb57984bc12fb,e14603210bf5355859bea3b45bbad044,canceled,2017-11-14 19:30:10,2017-11-14 19:50:28,,,2017-11-28 00:00:00,2017-11
66555,04a2ba381317648726f46210a46ece95,4ae0a705c852353fbcdb27f8554b6655,canceled,2018-08-09 09:13:44,,,,2018-09-06 00:00:00,2018-08
66615,76d18695761c18ab2f2a9f6f1b3ea3e5,3e1b3c69fda23c575c2f7fcba5bf2eca,canceled,2017-09-24 10:24:07,2017-09-24 10:44:05,,,2017-10-18 00:00:00,2017-09
67152,96b947c986b42f213c9e6b8ccccedb89,0be97ebc9313a86e02d3b7cdd7e5f1a6,canceled,2018-07-30 13:00:56,2018-07-31 03:55:23,,,2018-08-22 00:00:00,2018-07
67165,8d171a848151e69e8f090fdbb50d4010,a10afcc34f66a704819e459a8f524ffa,canceled,2018-02-13 14:38:55,2018-02-15 04:07:13,2018-02-16 00:19:33,,2018-03-09 00:00:00,2018-02
67897,0a0e76ba55e310fd24657a1f532b97c1,faf4c7a6a07938227b98f454caee1814,canceled,2018-06-24 14:49:59,2018-06-24 15:18:57,,,2018-07-20 00:00:00,2018-06
67963,5b9680f27b5067afded00b23f9cb4d61,8b20eb37b30208feef373de67fc749e0,canceled,2017-03-21 20:20:14,2017-03-21 20:20:14,,,2017-04-24 00:00:00,2017-03
68373,b059ee4de278302d550a3035c4cdb740,856336203359aa6a61bf3826f7d84c49,canceled,2018-10-16 20:16:02,,,,2018-11-12 00:00:00,2018-10
68754,2922d9dd6672241cb658a40bf507e4b1,6b75995c62a24fe0ecf2ba831c454632,canceled,2018-07-11 09:55:49,2018-07-11 10:06:23,,,2018-07-25 00:00:00,2018-07
68961,6e27f04e8947d6be930769e3ce557bdf,259e07ebcf2a6be5fcd98f01099eb7f4,canceled,2017-03-05 01:03:51,2017-03-05 01:15:09,,,2017-03-29 00:00:00,2017-03
68973,0623dbbd06c0d4059dbfefab8748a491,c954645fa23249e4c2b0dd3679b0b177,canceled,2018-08-20 14:17:09,,,,2018-09-12 00:00:00,2018-08
69722,0148d3df00cebda592d4e5f966e300cc,672510553bcfbf72de694db2cd88f046,canceled,2017-08-19 19:08:26,2017-08-19 19:24:32,,,2017-09-11 00:00:00,2017-08
69839,e1cbcc0a628610d3a838acf58bb4a8a5,4aceced3f07173311e7bf932e72b2e25,canceled,2018-07-31 20:05:34,2018-08-01 20:10:22,,,2018-08-09 00:00:00,2018-07
70016,c49e86b525c30f1b55eaf9abbc9837a6,8fa9f17f7cc7af41d068b9b3f8df51e8,canceled,2017-12-06 19:29:14,,,,2018-01-04 00:00:00,2017-12
70198,c80cc9af6bd1c32747e2f79bc4ad031e,f9587fa6065768be96b7267f865a407c,canceled,2018-06-23 17:34:33,2018-06-23 17:55:45,,,2018-07-05 00:00:00,2018-06
70384,dbe2d1c6c34f5c31bb6736e1720c9b7e,3b5cb25012ce1400dbf62ed0995e1c14,canceled,2018-08-28 12:45:15,,,,2018-09-03 00:00:00,2018-08
70837,cc6c9b89f70b32d7fe075718e0fc58e7,418e9412b396846b861a8c5cb59ba65b,canceled,2018-01-27 10:52:04,2018-01-29 10:52:24,2018-01-30 19:52:55,,2018-03-02 00:00:00,2018-01
70880,750ed62dff96bf5713b8c6a6bbfdc948,a05f88744e7de808ee2378057e2b033c,canceled,2018-05-28 11:18:59,2018-05-29 03:15:20,,,2018-06-20 00:00:00,2018-05
71047,a59c87e726e3c78e26769a422a140bd3,5c2e818e5963bc9b74d66fd5dcefaa30,canceled,2018-02-10 12:36:33,,,,2018-03-19 00:00:00,2018-02
71180,d43302fdeb00a216e03f8c14c1aa95c5,077df306cf5b17588bc5bf9a56e0c088,canceled,2018-04-13 10:14:55,2018-04-13 10:32:31,,,2018-04-25 00:00:00,2018-04
71373,76d85afd545b8fc877273a68455675c1,e29b02752f22ba7a6ef120027c9f2556,canceled,2017-11-08 18:40:21,,,,2017-12-05 00:00:00,2017-11
71603,b17fd4c033b06e8d888de8ea6105ef9d,70457f70bccd93467cce328f6b3bb89a,canceled,2017-03-20 19:38:10,2017-03-20 19:38:10,,,2017-04-12 00:00:00,2017-03
71730,7806407a20e7d38caef6b35ea7757142,c52f8523a6448c43354e5ca966f61e4c,canceled,2017-11-14 21:58:32,2017-11-16 22:31:07,,,2017-11-28 00:00:00,2017-11
72385,9b4fc5c379134e1329bd48641ba285e3,cda60b855f79e10246781d30a9fd7be7,canceled,2017-07-24 13:22:29,2017-07-27 10:10:15,,,2017-08-04 00:00:00,2017-07
72398,1f9624a22a45c44073523bcf6f1c47a2,bbdbc21c0d067bd705b5aaff781709c9,canceled,2017-07-31 16:05:08,2017-07-31 16:23:27,,,2017-08-18 00:00:00,2017-07
72456,dba741d70126a95feb85435175370edc,a4426f6a2cfe4a7cea7146f236bf41ae,canceled,2018-01-24 19:18:04,2018-01-24 19:57:20,2018-01-26 20:12:58,,2018-03-05 00:00:00,2018-01
72502,cb599c234fc71be7c137179b6d473a30,23534938f44ad51d0de4bf6a56ca1adf,canceled,2018-01-30 20:13:33,2018-01-30 20:33:18,2018-02-01 19:38:42,,2018-02-22 00:00:00,2018-01
72686,799dc0fd216e2a8e571a2684ddb6f940,f3fecb293f31350518ee2ac197202282,canceled,2016-10-05 22:49:57,2016-10-06 15:54:47,,,2016-12-23 00:00:00,2016-10
72840,c08dd05931abd8cb08aad3d31e39bfed,1ecb47d23dc8203cd101549966ee942b,canceled,2018-02-22 20:16:43,2018-02-22 20:28:50,,,2018-03-21 00:00:00,2018-02
72936,afed0d88ec7753e7be8744bb66e860d1,b1253701171dfb298f52a221f824e45b,canceled,2018-08-02 15:23:07,,,,2018-08-20 00:00:00,2018-08
73098,dc7a419b3cd13b51c38ff9442dfd4009,f97a6d5dc5996ca93920dba521495117,canceled,2017-03-21 19:17:48,2017-03-21 19:17:48,,,2017-04-17 00:00:00,2017-03
73211,14904245b311483b6886be3c2e717e76,a52ee9f5a35cf680f2aea9dd5fe0941e,canceled,2018-02-12 15:49:38,2018-02-12 16:27:22,2018-02-14 19:25:00,,2018-03-13 00:00:00,2018-02
73341,cfdfd7862e532c4ec1ed1c6a1b56d320,0ab5ac09913dfd3f247c7929a3799799,canceled,2018-09-03 18:45:34,,,,2018-09-14 00:00:00,2018-09
73536,756fc608f67478946b31c752681f27be,ce5b56c495944af078df7f4e10719be7,canceled,2018-08-14 08:14:45,,,,2018-09-04 00:00:00,2018-08
73575,d15a203ea25983a3a17ec382a8a9122e,fe0697e0aefd1e73bef77dd71948100d,canceled,2017-03-28 07:27:16,2017-03-28 07:35:12,,,2017-04-17 00:00:00,2017-03
74209,bb0bb419d930e4bc8c823fc4379347fb,49be2968b33dc662350d42d8963c29c4,canceled,2017-10-30 12:17:51,2017-10-30 12:30:23,,,2017-11-21 00:00:00,2017-10
74328,c7a5d101d4b6ed70eacc97c78158eadd,9d109a169b7b88405b214e976c6039e7,canceled,2018-02-01 19:08:48,2018-02-03 02:53:37,2018-02-06 00:49:39,,2018-03-02 00:00:00,2018-02
74376,d7cc5fcfee9af53fcd78bb47e4e55584,6c081dfe77db2d63f336f33043f0036a,canceled,2018-01-27 10:22:47,2018-01-27 10:36:19,2018-01-30 22:24:41,,2018-02-20 00:00:00,2018-01
74718,13d341318c77969f10d77e1382957542,3b6cfa5c62f4bfb3c09652d9ac539a8d,canceled,2018-08-01 09:43:22,2018-08-02 05:30:46,,,2018-08-08 00:00:00,2018-08
74816,641936471bfc717987f997bfed150bd6,1d987c203658c1e86d2e90b023a2dd89,canceled,2017-04-21 16:09:18,2017-04-21 16:21:30,,,2017-05-16 00:00:00,2017-04
74895,83e6338b5cf25dcf222551cb8da8d0d6,3690e975641f01bd07ad635f03dbb894,canceled,2017-08-16 21:32:48,2017-08-19 10:04:56,,,2017-09-14 00:00:00,2017-08
74915,a805d7a514bcde0719f99ddf2a3bb31d,7332d588234cc7f934719060d1fc60e3,canceled,2018-08-17 14:17:56,,,,2018-09-17 00:00:00,2018-08
74949,1db2abc72703311e809fc353b3cc4b65,4b830f8b64b64b4bfc6fb975d86ff181,canceled,2017-08-02 19:21:07,2017-08-04 02:24:05,,,2017-08-22 00:00:00,2017-08
75019,f81e71dd7c044a9ee7c1d6e37d68d64f,953f71324f3a770118c88a42363655b2,canceled,2018-08-15 08:34:42,,,,2018-09-12 00:00:00,2018-08
75124,05b3514bb9492bc0eb20959fbf445927,f08cbd00eae908d02c0c4984598f1d2e,canceled,2017-08-03 19:04:35,2017-08-03 19:15:23,,,2017-08-28 00:00:00,2017-08
75296,e95c2973b9be01bfe69bd4e1f33346fa,839610575e20348470abe5217901d91e,canceled,2018-06-28 12:10:28,2018-06-28 12:30:59,,,2018-07-24 00:00:00,2018-06
75358,2b68bb35779189904b0cd730eaba3d1d,0d6dfc6e464d9f10db213e8b1898e4b1,canceled,2018-05-08 10:11:16,2018-05-08 10:31:31,,,2018-06-04 00:00:00,2018-05
75496,9ec3685b1f21c7dfff4f656392b186dd,952f534f87d6ec6eeaa2cfd1d5987362,canceled,2018-02-20 11:37:45,2018-02-20 11:50:31,2018-02-27 16:17:59,,2018-03-12 00:00:00,2018-02
76026,54ee4ac3ad09faa2237f8a844b4d7b92,502de0f9e9835ab231c2851acd163376,canceled,2018-08-16 19:28:02,2018-08-16 19:49:29,,,2018-08-24 00:00:00,2018-08
76084,2a490849da4cef28b5edaea693b89ac7,8ce7af83ed7e52d2db1fdba28bfb11ed,canceled,2018-04-24 08:53:11,2018-04-24 17:35:59,,,2018-05-07 00:00:00,2018-04
76130,b803962943a08a081c52d087e852358c,9d1ad1c80967c646f17783f8741c75e8,canceled,2018-05-06 20:15:04,2018-05-07 09:56:17,,,2018-05-18 00:00:00,2018-05
76230,a8a3eaaf155bc111acb10e0536a9e753,698bbedec1b23581c4ab4aee7270057a,canceled,2018-02-07 12:28:45,2018-02-08 17:05:57,2018-02-09 01:05:58,,2018-03-09 00:00:00,2018-02
76489,fc3c882665c98c9b737a7b1b3aa6c553,01866d949d55c81c28d255114948b72b,canceled,2018-04-17 18:41:50,2018-04-17 18:55:18,,,2018-05-04 00:00:00,2018-04
76510,caf12c43defcd1c679e73f2398192965,f23784c27d0cc3a0067680936968951a,canceled,2018-07-02 17:00:50,2018-07-02 17:11:14,,,2018-07-27 00:00:00,2018-07
76582,1aecadf4362edaca7fa033e882076c8d,e81a9f176936e3124dfd90c483bf3289,canceled,2016-10-04 10:05:45,2016-10-04 10:26:40,,,2016-11-24 00:00:00,2016-10
76685,dbcf37e35ce87b02f0707de96a6b99db,53bfc92933d559ca8c1e430e300d0719,canceled,2017-02-27 22:23:36,2017-02-27 22:32:39,,,2017-03-22 00:00:00,2017-02
76700,acb57c5603a88c7f205dab4c1d8cd344,94e077d5876a2e9604cfd3df5a8e1dec,canceled,2017-07-05 21:47:36,2017-07-05 22:03:30,,,2017-07-27 00:00:00,2017-07
76703,078f6a01964ee122ef20881df839af31,2b7ae7a532ff538ce88f6bfdd2cb564c,canceled,2018-08-06 11:06:21,2018-08-06 11:15:27,,,2018-08-16 00:00:00,2018-08
76958,10ade03150da4c3a784807bae033f361,d7886c597dd3eb4baf76f81484a4b7f9,canceled,2017-09-03 14:54:11,2017-09-03 15:10:10,,,2017-09-15 00:00:00,2017-09
77002,fb265b2dc558a56445dfc48f8224e201,910f716e941709375465b7d3ff059d4f,canceled,2017-10-10 20:21:14,2017-10-10 20:35:15,,,2017-11-08 00:00:00,2017-10
77055,620b0acb9258b51defbc51804c5298d5,9012f48ac2c416c82819101da4e4b75e,canceled,2016-10-04 11:44:01,2016-10-05 08:45:09,,,2016-12-06 00:00:00,2016-10
77398,eba9f7d9010e498a2fdd4a48583db537,e3e12992b74ab5c23abf9a2d160af158,canceled,2018-01-29 16:10:57,2018-01-29 16:36:49,,,2018-03-05 00:00:00,2018-01
77425,583174fbe37d3d5f0d6661be3aad1786,e545e697bb9d1b81e0a702121d4e94d5,canceled,2018-08-04 19:25:07,2018-08-05 19:24:33,,,2018-08-13 00:00:00,2018-08
77559,d98c5ae5ced12b3d997f7b614a8f1bb7,b9067875e231cbef9ac17a3a366a0bc6,canceled,2017-05-23 17:14:58,2017-05-23 17:25:20,,,2017-06-08 00:00:00,2017-05
77674,dd517e36df351de8139a960329ab58da,59699572fb53609e196978771c89a9dd,canceled,2017-11-13 10:25:28,2017-11-14 04:15:40,,,2017-12-05 00:00:00,2017-11
77860,8ff1992743a7f3a6daffc9ec9db05cbc,a779b6c2195363f9d7da1e5b3934cb3c,canceled,2017-06-05 21:20:51,2017-06-05 21:30:13,,,2017-06-28 00:00:00,2017-06
77893,ab25d035abca0cb6c74fff900e926246,498fdb5ba5b08aa553dbbb047506ec6d,canceled,2018-04-13 05:18:38,2018-04-13 19:09:55,,,2018-04-25 00:00:00,2018-04
78075,913677abacbcdc2b2f18b3ec362a0cdd,621c4375f33e843ba4111a6fc493fd0d,canceled,2017-04-09 11:42:18,2017-04-11 03:45:22,,,2017-05-16 00:00:00,2017-04
78491,127f3dbf0dfc0da17005ba12e05d988c,aae1dec3df4a219450d7de738f0b28db,canceled,2017-04-27 18:28:20,2017-04-29 02:45:43,,,2017-06-16 00:00:00,2017-04
78978,09f541f117ac3f665dc3aad6d3bb8fc9,9f2034168e1690d1dccc52e62fd50ba5,canceled,2017-04-20 14:54:24,,,,2017-05-19 00:00:00,2017-04
79309,2efab00b70c96a73f5fed910d373957a,0b82ef8137cfb5f47ebcc41131c03663,canceled,2017-12-24 10:07:19,2017-12-26 21:39:19,,,2018-01-19 00:00:00,2017-12
79424,457afd8c764234eb93f7a25268578440,37750266450eef3226b92346f056b786,canceled,2017-08-14 22:13:14,2017-08-16 03:25:03,,,2017-09-20 00:00:00,2017-08
79490,47282cfe5747c1c19920f090e491d285,3483b2a9e678865616e7d1b69b28dd4c,canceled,2018-08-23 12:38:08,,,,2018-09-06 00:00:00,2018-08
79615,4a6c07557205c5dbdeae7e289af5c1c6,09a4411bb14055b9d846fac02dd79782,canceled,2017-11-28 13:09:13,,,,2017-12-19 00:00:00,2017-11
79988,4f259869d5c650af6f847b027032515b,6fc16fa677c8528424093b92165f7ddb,canceled,2018-04-28 19:25:30,2018-04-29 19:35:35,,,2018-05-09 00:00:00,2018-04
80019,1ad22e16129698e1a3cc11e4350d2cb7,d6441eef3f37c3edb0d5634c3c85120b,canceled,2018-09-12 15:32:16,,,,2018-09-26 00:00:00,2018-09
80078,01e7cf79ff6fdb0a65634f714c67dd24,aded241eaa68c31246d82eb3198d4ae3,canceled,2018-02-15 14:58:55,2018-02-15 15:10:35,2018-02-19 18:52:15,,2018-03-07 00:00:00,2018-02
80203,c021ea4a80ce0d1bce358a2f831c34db,d5868f39eb4669f88b12b8f3d0d294d6,canceled,2018-08-07 15:40:54,,,,2018-09-06 00:00:00,2018-08
80317,14cfc006132ad861a3d1b6c7bb9fd8a6,59d32780c34796d374ccbf0c02dcb417,canceled,2018-05-01 11:45:29,2018-05-01 12:14:41,,,2018-05-18 00:00:00,2018-05
80797,983e16bfbe23e60f23a6fcb9c4792204,2d6272fc5e22facb8937eba512bad93f,canceled,2017-03-27 08:24:03,2017-03-27 08:24:03,,,2017-04-20 00:00:00,2017-03
80943,d3afe40f7060b3287d948a6bdea42687,8fcf5bb811c9f0ce5cd194b56b5f0ae4,canceled,2018-02-05 22:13:02,2018-02-05 22:30:14,2018-02-06 21:42:51,,2018-02-21 00:00:00,2018-02
81010,998b90bcfc77ff711912c1c14dcff885,0b1899150b4ee7ae778d02ecb621324f,canceled,2017-07-05 21:56:09,,,,2017-07-27 00:00:00,2017-07
81181,e22f8395265cb423def2d5c028f0f34b,45360c874acf24110baf02fb5d2314d4,canceled,2017-12-01 01:42:22,,,,2017-12-28 00:00:00,2017-12
81342,ab76f54a321a0431ef243b3b6865078b,f89df6ef365783b667b626aeaffc5e2d,canceled,2018-02-04 12:25:42,2018-02-04 12:51:26,2018-02-06 23:21:57,,2018-02-21 00:00:00,2018-02
81354,3ac2529f6e36838d812d40688453abff,e27fb9b0ee41169cccf9f0c4b9b7cd6e,canceled,2018-02-21 01:04:12,2018-02-21 05:50:13,,,2018-03-12 00:00:00,2018-02
81367,657467884d9a109179d820f67575db18,7c548882bf83f9fbe5cb6131a81e0839,canceled,2017-02-16 11:29:08,2017-02-18 11:25:14,,,2017-04-18 00:00:00,2017-02
82349,88b90300d5ba09ea058e45b94c98b808,d13c70829c24bb06b81c0de37d9cf8b6,canceled,2017-03-28 13:53:04,2017-03-28 14:05:18,,,2017-04-19 00:00:00,2017-03
82378,47880652c5245fbeccfe7a58e8d841e5,792c997303692247baa029b77d1a90ea,canceled,2017-08-28 14:56:13,2017-08-29 05:32:52,,,2017-09-18 00:00:00,2017-08
82554,4472eca3b65b1dca5e0d59c0e4e0c6bc,5775437e881f0a230649f5c63e1f9241,canceled,2018-02-10 07:39:19,2018-02-10 08:20:22,2018-02-15 22:22:46,,2018-02-26 00:00:00,2018-02
82581,821c1b3c87d17a24efad81096bee5f09,24455809d8e25059274e820cc202b50a,canceled,2017-10-21 17:39:23,2017-10-21 17:49:28,,,2017-11-03 00:00:00,2017-10
82601,667a6d329a62f026cfb2e41a6510a858,ad8b48d037b4bf765b31c022ab7972e2,canceled,2018-02-27 10:12:23,2018-02-27 10:30:32,,,2018-03-13 00:00:00,2018-02
82828,d67b79fea59821fda4d363d337a56c3a,f2bea5055b5b15b6b57d07408a1c454a,canceled,2018-08-14 11:17:20,2018-08-14 11:44:14,,,2018-08-20 00:00:00,2018-08
83078,71303d7e93b399f5bcd537d124c0bcfa,b106b360fe2ef8849fbbd056f777b4d5,canceled,2016-10-02 22:07:52,2016-10-06 15:50:56,,,2016-10-25 00:00:00,2016-10
83325,5fa64c45b0cb986d05533f91c67c801e,1f4ef6ade0241043e777a8e9d3060ebb,canceled,2017-10-01 08:15:15,2017-10-01 08:28:14,,,2017-10-24 00:00:00,2017-10
83329,5517dcebf1ab177978bae7e7c66de1b6,c4811776ff3a2c1e027f19ee2860627b,canceled,2017-04-27 12:57:53,,,,2017-05-29 00:00:00,2017-04
83330,129ea9ae4b85283decb23ea1756f505d,8a0c8d55378e81be7bb18527a08dc0ef,canceled,2018-08-09 08:09:33,,,,2018-09-25 00:00:00,2018-08
83341,ed3b18e876bbc16bfe330cd934aa0f68,ee76d186862db08ec487d67f0e5c7bc4,canceled,2017-09-11 20:07:36,2017-09-11 20:23:37,,,2017-10-02 00:00:00,2017-09
83622,57a82f32fdb1ce036662861d8dbb6a6b,58583807f8901eeed0810e81d58428fa,canceled,2017-11-20 21:36:39,2017-11-20 21:47:03,,,2017-12-01 00:00:00,2017-11
83629,596288a27579ad1fec1d704efe7d9ab7,8e9e28f565a0e470a97fd879909388fe,canceled,2017-08-30 18:48:01,,,,2017-09-12 00:00:00,2017-08
83685,f7dca277a6bb273200598f0e36319d94,5c5b874cbcfdabe3f6cd0e3494a0ec34,canceled,2018-03-28 15:49:07,2018-03-29 03:15:23,,,2018-04-20 00:00:00,2018-03
83716,9f0e70e8d046d9e0626bbdaf1aff88c4,6ef5c9f7a060756a678e74a07a3bdfd5,canceled,2018-01-24 12:12:58,2018-01-24 15:16:07,2018-01-25 20:53:51,,2018-03-06 00:00:00,2018-01
83745,30d7af26cb5f8577b5c6a0164dc814c5,e924482b6903522795771e672721f5d2,canceled,2018-07-26 12:45:33,2018-07-26 12:55:25,,,2018-08-07 00:00:00,2018-07
83902,e166acfe96bd9d1f25a6c905d7ca39fd,0504a5d74832ef83b263972cc39d7377,canceled,2017-08-12 14:01:23,2017-08-12 14:15:18,,,2017-09-05 00:00:00,2017-08
84268,45863486f903e4fbfe9a18dd7aebb8d3,547d6ffb01ccfdcd3987a70bff3746d0,canceled,2017-10-20 16:14:06,2017-10-20 16:32:34,,,2017-11-01 00:00:00,2017-10
84644,d0fcf3d6dcc18a5c4ac51f06a56ec683,1741b977c920605ffb564947e40cdf0b,canceled,2018-01-31 13:05:16,2018-02-01 11:35:43,2018-02-05 16:47:42,,2018-03-07 00:00:00,2018-01
84653,a8b78b69f09b2a198f5a89c1897f8c72,69cf4a24c1d0f920d30e57a9375ec0f7,canceled,2018-02-17 17:16:24,2018-02-17 17:27:23,,,2018-03-13 00:00:00,2018-02
84761,6b5ccf5385890198c54fa97afe4812bc,15c523e088107f017c3b74f5874a0f43,canceled,2018-01-30 13:37:28,2018-01-30 13:51:21,2018-01-31 17:22:03,,2018-02-22 00:00:00,2018-01
84818,98464a5096e400810b94bb93f38924c9,24301c6ce48874a51221d4e5584a7885,canceled,2018-07-12 12:01:37,2018-07-12 12:15:29,,,2018-08-07 00:00:00,2018-07
84841,a9491b6c990bc3b79967c5f058e46d8f,ef1615358c72dae1c068aedc495a13f3,canceled,2018-08-16 13:07:32,2018-08-16 13:23:58,,,2018-08-24 00:00:00,2018-08
85186,46eb75885eca03736c4188871c0a9ba3,5371cc1698f54400f167d8fc79d6ad93,canceled,2018-01-29 22:54:58,2018-01-29 23:11:24,2018-01-31 22:28:35,,2018-02-23 00:00:00,2018-01
85228,00310b0c75bb13015ec4d82d341865a4,0dad07848c618cc5a4679a1bfe1db8d2,canceled,2018-08-15 14:29:08,2018-08-15 15:04:25,,,2018-08-29 00:00:00,2018-08
85293,f8f45ebeb38088c44d98d201371ea345,c3828fcf7c3e8abc8d38eae8992e1842,canceled,2018-02-11 15:59:41,2018-02-11 16:10:29,,,2018-03-09 00:00:00,2018-02
85680,a9bfa6ed984d0688f6e53d537d9f69b0,2e086d3b6cceaa2d572fd61882927b96,canceled,2017-07-26 17:06:02,2017-07-28 08:35:36,,,2017-08-08 00:00:00,2017-07
85901,b102b42cde7719ae4b7c0163cf4d7dbe,6df75bdce4569326dcfdf7fc9bbe5981,canceled,2018-08-29 10:15:27,,,,2018-09-05 00:00:00,2018-08
86022,6f3772f092a98dfbb37265f3186ba374,cf27fa6e72bce3581bafc0fce8261a18,canceled,2017-05-26 12:42:13,,,,2017-06-09 00:00:00,2017-05
86119,45875d4bdc0209b3020175f4151d9850,ee9396d603a68c2c666ea2f0753d256d,canceled,2018-05-17 16:38:50,2018-05-18 00:14:48,,,2018-05-29 00:00:00,2018-05
86191,457cb961f89e32569e2d9a737a65b3bb,190b936129e075641c5557538def8b25,canceled,2018-02-08 17:02:46,2018-02-08 17:40:29,,,2018-03-16 00:00:00,2018-02
86370,119d388c6a2ceb03620dcd86c45f65a5,9ab223471e12c827aefff3c0af9483a3,canceled,2017-11-15 10:43:14,2017-11-15 10:56:12,,,2017-12-05 00:00:00,2017-11
86456,7d92b1e737c6ee25a66b4bddf1f8be8d,b52dc9b0b38a7c414ffb6da8aec8d27d,canceled,2017-09-01 22:43:44,2017-09-01 22:55:23,,,2017-09-14 00:00:00,2017-09
86697,0691511b757c6190f85d5c20481ddae1,0bdaf62bf3211420cb25a16386b56801,canceled,2018-07-17 23:30:05,2018-07-17 23:41:42,,,2018-08-03 00:00:00,2018-07
86904,5d366aa092ca44b2efb23f0c5d1e3726,0a42cf907d8c09bedbf6e69ccf60b7f9,canceled,2017-06-16 15:39:20,2017-06-16 15:50:22,,,2017-07-10 00:00:00,2017-06
86986,0584a31bb6abbd3dcc27e2d464ac863d,547b138492fe9767762865f216a83e5e,canceled,2018-02-18 15:06:15,2018-02-20 07:11:01,,,2018-03-06 00:00:00,2018-02
87231,79fe48b364804e62431c8f465e16f76e,857fe5831ff74761c8b171203310c83c,canceled,2017-11-09 06:13:41,2017-11-10 06:10:31,,,2017-11-29 00:00:00,2017-11
87252,442474d2063d0b9b957785f2e4773865,0b6ed326f1c69e74848157dc00027c91,canceled,2017-08-13 22:24:19,2017-08-14 22:45:11,,,2017-09-01 00:00:00,2017-08
87601,a1e04e78fc657db74aaba58eca1e87a9,9939eea65706fa34a920723f50ca07d2,canceled,2017-07-26 13:39:14,2017-07-26 13:50:21,,,2017-08-15 00:00:00,2017-07
87843,66cb680674721f9816e366a15a93633f,a9f2b77340d17022d89356ef597b2f3a,canceled,2017-03-28 20:53:24,,,,2017-04-17 00:00:00,2017-03
88141,572c4bbf0f5f85a9b4a2c4fe0c7f04d5,93ccdc49f22d1b0e3664b2bc328cf23d,canceled,2018-08-30 15:11:58,,,,2018-09-14 00:00:00,2018-08
88200,ca7296a83aa279afb28c2388a4f48891,daada56f7d2e74dfd291d652b7e03ac2,canceled,2018-02-07 09:48:08,2018-02-07 10:10:17,2018-02-08 23:26:57,,2018-03-07 00:00:00,2018-02
88379,88a7f34793df2b92c81d02a09cec8e89,10faf9e153a1ce492d6d06a2a8006df7,canceled,2018-08-06 15:55:10,2018-08-07 04:44:43,,,2018-08-21 00:00:00,2018-08
88500,616fa7d4871b87832197b2a137a115d2,bf6181a85bbb4115736c0a8db1a53be3,canceled,2018-10-01 15:30:09,,,,2018-10-23 00:00:00,2018-10
89063,c581b368f1c9fc02caaa71e42809baf9,a67066f37fd7f046f8ee58067dc9abbe,canceled,2018-08-10 14:44:24,,,,2018-09-06 00:00:00,2018-08
89083,bfd31c6f76ff82a41e7beb05565aec4d,6c65055adfbc0007dbb4c5a22ea5ba8c,canceled,2016-10-04 14:51:15,2016-10-06 15:56:40,,,2016-12-14 00:00:00,2016-10
89402,550f1d2fa6888807a4ffb1d80d06f899,a6551a36f9954811b66b500a973b5e57,canceled,2018-02-18 21:00:47,2018-02-18 22:07:25,,,2018-03-14 00:00:00,2018-02
89700,f13f9687a8bac6985d50487fb92000ba,aa66f828ef59ba66ecb3c9a146845632,canceled,2017-11-15 10:07:27,2017-11-15 10:27:05,,,2017-12-05 00:00:00,2017-11
90006,0a7f4604ee9cab65020038275efe1d76,f1f47119f889031980d7fad6a0b0c62f,canceled,2018-07-08 18:44:18,2018-07-10 04:35:13,,,2018-07-27 00:00:00,2018-07
90061,765917871914309e5c5f9ed151155ad4,704e2db282206eaf28d686a1482fb224,canceled,2018-02-26 11:04:23,2018-02-26 11:40:26,,,2018-03-12 00:00:00,2018-02
90318,a162da83b66ff8c619d83b87c1de93b9,9dfa54220517b2eceea1134d006e2fba,canceled,2018-08-07 14:27:32,2018-08-07 14:44:55,,,2018-08-21 00:00:00,2018-08
90542,c037dd9db2ac27aa44381219612e91ba,a8912cdd90d62f02de79c5c33bdb0718,canceled,2017-11-10 01:45:04,,,,2017-12-07 00:00:00,2017-11
90580,0e5e60b0cddf73f60eb73fac19f590cf,52222a646829d54aa33a64283f3b5549,canceled,2018-01-28 21:31:07,2018-01-28 21:39:24,2018-01-29 19:12:01,,2018-02-26 00:00:00,2018-01
90611,cf5508a6ae55421646b0683bb605ac74,e42274a986c58b500513a7d57a4fed2d,canceled,2018-07-08 13:34:57,2018-07-08 13:45:32,,,2018-07-27 00:00:00,2018-07
90625,ec36a2bdf65bba1742263a91c4f251ae,6608dac8561577f1f1a18ff05e9d1dc7,canceled,2017-02-28 21:49:29,2017-02-28 22:01:44,,,2017-03-27 00:00:00,2017-02
90714,66e4a36ff490014773971a6ee0b6a0e4,719ed1620e6d57e729521a5408f6e9dd,canceled,2017-06-20 12:39:25,,,,2017-07-05 00:00:00,2017-06
90798,f62c7996783afdbec5f6c8afc0c8a040,92f733b4d20fb47a3c3e58aaae5e76f9,canceled,2017-10-12 11:49:29,2017-10-14 03:56:25,,,2017-11-07 00:00:00,2017-10
90899,4c1eb4e6d52d42048614e4c46f3c5f9e,a830ee143fc6569553949bd8b06fc776,canceled,2018-08-03 18:52:57,2018-08-04 04:10:22,,,2018-08-22 00:00:00,2018-08
90915,27d6012b882832dc9ddcf34304eeb77c,2034cc6d6d517007a9ba3e22ba643344,canceled,2017-11-11 10:44:49,2017-11-11 10:55:28,,,2017-11-27 00:00:00,2017-11
91167,51192863a004d47d0e4f5bf5384bf88f,f2cc41062fa1cdfd6475afc3aaf9909f,canceled,2018-02-13 15:58:33,,,,2018-03-07 00:00:00,2018-02
91421,ec88cd13421e27489ffc1f352247f3a4,936da706de2dfa07d2f5f8e3934836ca,canceled,2018-08-24 16:38:44,,,,2018-09-13 00:00:00,2018-08
91579,f319cdb9500c67c7a9f1b340da9c2d4d,d51cc254970c57a60ae33775ce9d7322,canceled,2018-05-21 18:19:37,2018-05-21 19:16:05,,,2018-06-07 00:00:00,2018-05
91831,ac7431b880a4ca43d70096a6dfa49071,9ef41f3330353f05ce6354673a4bd045,canceled,2017-06-15 22:25:11,2017-06-17 03:26:40,,,2017-07-10 00:00:00,2017-06
91951,41c3bd8a34828a1a9ed3bae14a535afe,4e45b6aed6be4fbe9d4a843b9055e19d,canceled,2018-01-23 15:43:48,2018-01-24 02:35:42,2018-01-26 23:07:53,,2018-02-20 00:00:00,2018-01
92108,0b16257b1b7ee0922ea03954f2cae85a,b0344db4bb1741ab32ee52ef092b2572,canceled,2018-08-07 18:31:25,2018-08-07 18:44:50,,,2018-08-10 00:00:00,2018-08
92493,17a4db677e57484f24eb68217b8de4c1,6391b6b3125ec6fbe82bf0e2d616337f,canceled,2017-11-10 14:03:51,2017-11-11 02:55:43,,,2017-12-05 00:00:00,2017-11
92636,65d1e226dfaeb8cdc42f665422522d14,70fc57eeae292675927697fe03ad3ff5,canceled,2016-10-03 21:01:41,2016-10-04 10:18:57,2016-10-25 12:14:28,2016-11-08 10:58:34,2016-11-25 00:00:00,2016-10
92770,7018a2cb4802de2f9ed4b09b6a98e6fd,885a9dace03d5ee78e1639818cf8ca76,canceled,2017-12-10 10:27:39,,,,2018-01-24 00:00:00,2017-12
92868,f63cd97f8f1db2eb266fb3bc2b4a95f3,cfffbb322333151f8df6398a8c3340db,canceled,2017-06-19 14:07:04,2017-06-19 14:23:18,,,2017-06-30 00:00:00,2017-06
92933,d1edb80f6670902ebbb11765b96873da,4d3e75dab77ee14de42b66f557ea4d3a,canceled,2017-06-16 17:21:21,2017-06-16 17:30:16,,,2017-07-10 00:00:00,2017-06
93106,7a56ded9b696cca5e892f56f49b1921a,caca87282df2b6fce5e717b93e548b92,canceled,2018-01-28 21:44:00,2018-01-28 21:58:09,2018-01-29 20:21:44,,2018-03-02 00:00:00,2018-01
93172,47e96b5cb6f0592d336b6bf8a817d1c3,9cce7727e7d1d1a738ccc755eae38e93,canceled,2018-01-21 12:44:16,2018-01-22 13:49:10,2018-02-01 00:08:56,,2018-02-19 00:00:00,2018-01
93202,56fd7f1e63ea8177e02f64f5077ee7f3,b56ae5e64e7fe3540d496019baaa61b5,canceled,2017-02-12 13:41:41,2017-02-12 13:50:20,,,2017-03-21 00:00:00,2017-02
93666,5aa551497a6e4522899b4a89a3eeff5f,42150c5dc225debc71b6e811e9acc909,canceled,2017-03-10 22:49:47,2017-03-10 22:49:47,,,2017-04-10 00:00:00,2017-03
93865,236e6ec6171c1870d4bcf4ccfad87f49,0fa12cb295663a40f53876e73aa7c460,canceled,2018-08-21 15:12:31,,,,2018-09-11 00:00:00,2018-08
93898,7b417e4ab50fe706033d4fe21c659f3b,e4391b06d30bdd3d98928398d84059f8,canceled,2018-08-16 17:09:19,,,,2018-09-28 00:00:00,2018-08
93992,b6e63e74aff84a068fdc1b41e9ac29ea,f0375e81392cb7499b1139be16fd21e2,canceled,2018-08-07 10:44:34,,,,2018-08-21 00:00:00,2018-08
94106,964bc1b427d6a485b515efcab9985e68,45ee903a8b62062d099b7c58fb4cc127,canceled,2018-02-25 21:11:16,2018-02-25 21:25:23,,,2018-03-19 00:00:00,2018-02
94175,c9f06c1229ec7cd4ec9aed55d434b499,fa89053140d09081b3a3a4608a74c083,canceled,2018-02-05 20:26:29,2018-02-05 20:49:48,2018-02-06 19:49:32,,2018-03-01 00:00:00,2018-02
94252,72fcdcc4d106595993b31fc91c800113,89cbb4528dbfd3ec138d5014dc8ccb0e,canceled,2017-09-12 22:36:04,,,,2017-09-22 00:00:00,2017-09
94399,2c45c33d2f9cb8ff8b1c86cc28c11c30,de4caa97afa80c8eeac2ff4c8da5b72e,canceled,2016-10-09 15:39:56,2016-10-10 10:40:49,2016-10-14 10:40:50,2016-11-09 14:53:50,2016-12-08 00:00:00,2016-10
95108,0f42926c2892dcd8785fd0c27c5876aa,88d1842f65010040a5a222a756260d64,canceled,2018-02-24 17:22:11,2018-02-24 19:27:16,,,2018-03-16 00:00:00,2018-02
95170,8501926dd0837d694fc5af339c02a6b2,d2ef89d49d17e2fc893a8ba62913d2d1,canceled,2018-08-07 22:50:37,2018-08-07 23:05:23,,,2018-08-20 00:00:00,2018-08
95210,c4fe474b612c47a9371f3404c98aa380,164706183c9e343f182458255c5cd8db,canceled,2017-10-23 16:31:25,2017-10-23 16:46:27,,,2017-11-10 00:00:00,2017-10
95451,7813842ae95e8c497fc0233232ae815a,040d94f8ba8ca26014bd6f7e8a6e0c0d,canceled,2018-08-17 20:06:36,,,,2018-09-17 00:00:00,2018-08
96199,167d05678f810589a854d30460ae62f0,37ae23e3c8ce808a4ba0c0711706b956,canceled,2018-02-03 22:58:58,2018-02-03 23:10:27,,,2018-03-05 00:00:00,2018-02
96300,1def7af24cb7182497acfd953f6dd88b,b35c38c2cd6a72b58cb104154d9782e4,canceled,2017-12-21 09:22:36,2017-12-23 02:12:37,2018-01-30 19:28:55,,2018-02-20 00:00:00,2017-12
96741,ee6c0c64fe661230879a8491ce7dac76,54f0d9edf7462c205cbba39b9fbab0b0,canceled,2017-11-08 00:11:54,2017-11-08 01:26:29,,,2017-11-22 00:00:00,2017-11
96793,7159096c5aa9be77f7f0c26c01ee9793,d8f3aacf5cf5ddf9ceef4ad39e874c98,canceled,2018-03-15 10:06:35,2018-03-15 10:29:39,,,2018-04-06 00:00:00,2018-03
96996,5a14c8b3d919a4ef3f3428b0459c47b2,666094835d60d986eb87350b31efdcae,canceled,2017-05-29 23:53:39,,,,2017-06-23 00:00:00,2017-05
97100,b34369ee8397436dd7ceb8bb7783671d,c96771504b0c9d89ad8da161e0e3d092,canceled,2017-06-07 20:11:29,,,,2017-07-04 00:00:00,2017-06
97207,716bcd6dfe99970baf4aed2083136ed8,42715bff8f22b8dc62e5055b1e9fef7e,canceled,2018-02-03 13:37:35,2018-02-03 13:50:26,2018-02-05 19:59:59,,2018-03-01 00:00:00,2018-02
97295,9acc95f3652577fb8a5c8b1a7ee9bd96,3c601c73d44079bc52d371186f7a05d0,canceled,2018-02-15 20:18:27,2018-02-16 14:06:37,,,2018-03-14 00:00:00,2018-02
97436,d4ceda456a12b48a1f8a592aa2070b30,e4bf116432cc20a97e01b9f6abfe6e98,canceled,2017-10-10 14:07:52,2017-10-10 14:41:31,,,2017-10-27 00:00:00,2017-10
97463,f5b3a06b2ac88029188565f5e8bf4347,66aa9db44cb942fec96bd377024eca05,canceled,2017-11-14 07:50:39,2017-11-14 08:06:24,,,2017-11-28 00:00:00,2017-11
97560,b41b68092121772821fcdd6f7fb1594c,786f59012ae920bf8b535cf145d90a63,canceled,2017-02-16 12:33:56,2017-02-16 13:10:59,,,2017-03-15 00:00:00,2017-02
97696,5a00b4d35edffc56b825c3646a99ba9d,6a3bdf004ca96338fb5fad1b8d93c2e6,canceled,2017-07-02 15:38:46,,,,2017-07-25 00:00:00,2017-07
98397,affcfd3067c168967157abe801a3c4ec,5f40f0d1ada169f5b00ec600e563826a,canceled,2018-02-17 22:18:30,2018-02-17 22:35:29,2018-02-19 20:08:21,,2018-03-06 00:00:00,2018-02
98415,227c804e2a44760671a6a5697ea549e4,62e7477e75e542243ee62a0ba73f410f,canceled,2017-09-28 15:02:56,,,,2017-10-16 00:00:00,2017-09
98496,2be6c8b958e16856397259974d4abee9,ccbce7bcb13ee88adcf78890cae0ea42,canceled,2018-04-02 18:20:00,2018-04-02 18:30:38,,,2018-04-19 00:00:00,2018-04
98629,f5f8998eee8ec7bc513dc52847d64ce0,f4656b824844a039a87fd9c51ad3586a,canceled,2018-03-01 11:42:23,2018-03-01 12:20:32,,,2018-03-20 00:00:00,2018-03
98771,5a8a4dc28b16fb90469ad749f9535773,c0c8b8bb055100a0cc08dcc04d847ac9,canceled,2018-03-13 10:58:09,2018-03-14 03:08:35,,,2018-03-23 00:00:00,2018-03
98791,b159d0ce7cd881052da94fa165617b05,e0c3bc5ce0836b975d6b2a8ce7bb0e3e,canceled,2017-03-11 19:51:36,2017-03-11 19:51:36,,,2017-03-30 00:00:00,2017-03
98909,e49e7ce1471b4693482d40c2bd3ad196,e4e7ab3f449aeb401f0216f86c2104db,canceled,2018-08-07 11:16:28,,,,2018-08-10 00:00:00,2018-08
99143,6560fb10610771449cb0463c5ba12199,0d07d0a588caf93cc66b7a8aff86d2fe,canceled,2017-10-01 22:26:25,2017-10-01 22:35:22,,,2017-10-27 00:00:00,2017-10
99283,3a3cddda5a7c27851bd96c3313412840,0b0d6095c5555fe083844281f6b093bb,canceled,2018-08-31 16:13:44,,,,2018-10-01 00:00:00,2018-08
99347,a89abace0dcc01eeb267a9660b5ac126,2f0524a7b1b3845a1a57fcf3910c4333,canceled,2018-09-06 18:45:47,,,,2018-09-27 00:00:00,2018-09
